map,targets,n_targets,to_land_use,to_income,anchor_scale,beta,pmin,pmax,inside_%,peak_lps,mean_lps,calibration,drifted_%,passed,fail
LR_LR_LR_LR_LR,A,1,mixed,low,0.05,0.0,28.575815200805664,48.46117401123047,100.0,702.8506988793865,308.13294584249667,1.0,100.0,True,
LR_LR_LR_LR_LR,A,1,mixed,low,0.05,0.25,28.539155960083008,48.46117401123047,100.0,703.7004578466331,310.0482012614732,1.0,100.0,True,
LR_LR_LR_LR_LR,A,1,mixed,low,0.05,0.5,28.460994720458984,48.46117401123047,100.0,704.7257745077417,312.3599729184855,1.0,100.0,True,
LR_LR_LR_LR_LR,A,1,mixed,low,0.05,0.75,28.104806900024414,48.46117401123047,100.0,712.2215325243516,315.15034557389924,1.0,100.0,True,
LR_LR_LR_LR_LR,A,1,mixed,low,0.05,1.0,27.670143127441406,48.46117401123047,100.0,722.130817071196,318.51839614448795,1.0,100.0,True,
LR_LR_LR_LR_LR,A,1,commercial,low,0.05,0.0,28.602176666259766,48.46117401123047,100.0,702.2390788696772,307.8433375342312,1.0,100.0,True,
LR_LR_LR_LR_LR,A,1,commercial,low,0.05,0.25,28.547821044921875,48.46117401123047,100.0,703.4996794835632,311.0797779809082,1.0,100.0,True,
LR_LR_LR_LR_LR,A,1,commercial,low,0.05,0.5,28.327743530273438,48.46117401123047,100.0,707.0932801748635,315.4850252196913,1.0,100.0,True,
LR_LR_LR_LR_LR,A,1,commercial,low,0.05,0.75,27.652362823486328,48.46117401123047,100.0,722.5337027258637,321.48114394612224,1.0,100.0,True,
LR_LR_LR_LR_LR,A,1,commercial,low,0.05,1.0,26.71291732788086,48.46117401123047,100.0,743.5552393575613,329.64260322321724,1.0,100.0,True,
LR_LR_LR_LR_LR,A,1,industrial,low,0.05,0.0,28.632028579711914,48.46117401123047,100.0,701.5459126046026,307.8017531472902,1.0,100.0,True,
LR_LR_LR_LR_LR,A,1,industrial,low,0.05,0.25,28.54208755493164,48.46117401123047,100.0,703.632586573556,314.42006716508206,1.0,100.0,True,
LR_LR_LR_LR_LR,A,1,industrial,low,0.05,0.5,27.67436981201172,48.46117401123047,100.0,722.0350236548909,325.9494477111984,1.0,100.0,True,
LR_LR_LR_LR_LR,A,1,industrial,low,0.05,0.75,25.73914909362793,48.46117401123047,100.0,764.8232103784874,346.0340005146793,1.0,100.0,True,
LR_LR_LR_LR_LR,A,1,industrial,low,0.05,1.0,22.14202308654785,48.46117401123047,100.0,839.3745097110406,381.02179204668477,1.0,100.0,True,
LR_LR_LR_LR_LR,B,1,mixed,low,0.05,0.0,29.8283634185791,48.4715576171875,100.0,676.2496487305566,302.64104321476765,1.0,100.0,True,
LR_LR_LR_LR_LR,B,1,mixed,low,0.05,0.25,29.602575302124023,48.46956253051758,100.0,681.1664166935528,313.7553045152611,1.0,100.0,True,
LR_LR_LR_LR_LR,B,1,mixed,low,0.05,0.5,28.30489158630371,48.467071533203125,100.0,707.2450075032056,327.17027551193,1.0,100.0,True,
LR_LR_LR_LR_LR,B,1,mixed,low,0.05,0.75,25.952102661132812,48.46405792236328,100.0,755.2777070048354,343.36220961279076,1.0,100.0,True,
LR_LR_LR_LR_LR,B,1,mixed,low,0.05,1.0,22.932912826538086,48.46117401123047,100.0,813.2544161617859,362.9059454921703,1.0,100.0,True,
LR_LR_LR_LR_LR,B,1,commercial,low,0.05,0.0,29.991416931152344,48.47582244873047,100.0,672.6793682925296,300.9886175192859,1.0,100.0,True,
LR_LR_LR_LR_LR,B,1,commercial,low,0.05,0.25,29.65772247314453,48.47410202026367,100.0,679.9678978380063,319.7790992665858,1.0,100.0,True,
LR_LR_LR_LR_LR,B,1,commercial,low,0.05,0.5,27.4268798828125,48.4716682434082,100.0,725.9576527507124,345.3546032839223,1.0,100.0,True,
LR_LR_LR_LR_LR,B,1,commercial,low,0.05,0.75,17.292692184448242,48.468196868896484,100.0,872.036517533301,380.16509005605343,1.0,100.0,True,
LR_LR_LR_LR_LR,B,1,commercial,low,0.05,1.0,-2.529764175415039,48.46321105957031,94.2653462564967,1127.0894200449277,427.54515547127795,1.0,100.0,False,"V3_floor,V4_band"
LR_LR_LR_LR_LR,B,1,industrial,low,0.05,0.0,30.157360076904297,48.46117401123047,100.0,670.1344049029599,300.9362797399435,1.0,100.0,True,
LR_LR_LR_LR_LR,B,1,industrial,low,0.05,0.25,29.599105834960938,48.46117401123047,100.0,681.2395686901407,339.5096920625728,1.0,100.0,True,
LR_LR_LR_LR_LR,B,1,industrial,low,0.05,0.5,22.994203567504883,48.46117401123047,100.0,812.1009714922708,406.7048653452595,1.0,100.0,True,
LR_LR_LR_LR_LR,B,1,industrial,low,0.05,0.75,6.7394700050354,48.46117401123047,99.04480966427869,1062.06818547852,523.7592709922321,1.0,100.0,True,
LR_LR_LR_LR_LR,B,1,industrial,low,0.05,1.0,-33.08454513549805,48.46117401123047,72.37849417052958,1497.5219579351851,727.6686481160062,1.0,100.0,False,"V3_floor,V4_band"
LR_LR_LR_LR_LR,C,1,mixed,low,0.05,0.0,28.666351318359375,48.4619140625,100.0,701.6243915657487,307.48854786989017,1.0,100.0,True,
LR_LR_LR_LR_LR,C,1,mixed,low,0.05,0.25,28.579044342041016,48.46117401123047,100.0,703.3369976298161,311.2828753447581,1.0,100.0,True,
LR_LR_LR_LR_LR,C,1,mixed,low,0.05,0.5,28.473388671875,48.46117401123047,100.0,705.4044450517173,315.8626407401753,1.0,100.0,True,
LR_LR_LR_LR_LR,C,1,mixed,low,0.05,0.75,27.74347496032715,48.46117401123047,100.0,718.1656593079609,321.3904311818974,1.0,100.0,True,
LR_LR_LR_LR_LR,C,1,mixed,low,0.05,1.0,26.690202713012695,48.46117401123047,100.0,738.3827514572395,328.06248953423625,1.0,100.0,True,
LR_LR_LR_LR_LR,C,1,commercial,low,0.05,0.0,28.73127555847168,48.46357345581055,100.0,700.3484691413881,306.9298593267789,1.0,100.0,True,
LR_LR_LR_LR_LR,C,1,commercial,low,0.05,0.25,28.60256576538086,48.462886810302734,100.0,702.8760784959406,313.3467260193764,1.0,100.0,True,
LR_LR_LR_LR_LR,C,1,commercial,low,0.05,0.5,28.278234481811523,48.461944580078125,100.0,707.4547097484073,322.08062078544407,1.0,100.0,True,
LR_LR_LR_LR_LR,C,1,commercial,low,0.05,0.75,26.648080825805664,48.46117401123047,100.0,738.7321379605761,333.96818001624024,1.0,100.0,True,
LR_LR_LR_LR_LR,C,1,commercial,low,0.05,1.0,24.32817268371582,48.46117401123047,100.0,781.4301632265353,350.1481332716855,1.0,100.0,True,
LR_LR_LR_LR_LR,C,1,industrial,low,0.05,0.0,28.800113677978516,48.46117401123047,100.0,698.9934082735747,306.83715373869177,1.0,100.0,True,
LR_LR_LR_LR_LR,C,1,industrial,low,0.05,0.25,28.587379455566406,48.46117401123047,100.0,703.1742028499641,319.9543855722078,1.0,100.0,True,
LR_LR_LR_LR_LR,C,1,industrial,low,0.05,0.5,26.701505661010742,48.46117401123047,100.0,737.5493615334351,342.80462973492183,1.0,100.0,True,
LR_LR_LR_LR_LR,C,1,industrial,low,0.05,0.75,21.853588104248047,48.46117401123047,100.0,823.8399862642215,382.6098007746273,1.0,100.0,True,
LR_LR_LR_LR_LR,C,1,industrial,low,0.05,1.0,12.277972221374512,48.46117401123047,100.0,974.1434485268011,451.9504882082778,1.0,100.0,True,
LR_LR_LR_LR_LR,D,1,mixed,low,0.05,0.0,29.72227668762207,48.46653366088867,100.0,683.2220120278652,304.99397436855776,1.0,100.0,True,
LR_LR_LR_LR_LR,D,1,mixed,low,0.05,0.25,29.544057846069336,48.46518325805664,100.0,686.453381757212,312.13943017606687,1.0,100.0,True,
LR_LR_LR_LR_LR,D,1,mixed,low,0.05,0.5,28.99388885498047,48.463523864746094,100.0,696.7906475244487,320.76397177492254,1.0,100.0,True,
LR_LR_LR_LR_LR,D,1,mixed,low,0.05,0.75,27.15242576599121,48.46146774291992,100.0,728.9211141648889,331.1737681264237,1.0,100.0,True,
LR_LR_LR_LR_LR,D,1,mixed,low,0.05,1.0,24.822195053100586,48.46117401123047,100.0,767.7054163963708,343.73836509860195,1.0,100.0,True,
LR_LR_LR_LR_LR,D,1,commercial,low,0.05,0.0,29.854108810424805,48.469478607177734,100.0,680.8220531719088,303.9471071163514,1.0,100.0,True,
LR_LR_LR_LR_LR,D,1,commercial,low,0.05,0.25,29.591556549072266,48.46826934814453,100.0,685.5936800380985,316.0329341495093,1.0,100.0,True,
LR_LR_LR_LR_LR,D,1,commercial,low,0.05,0.5,28.4130859375,48.466590881347656,100.0,707.0837343833027,332.4825774594218,1.0,100.0,True,
LR_LR_LR_LR_LR,D,1,commercial,low,0.05,0.75,24.87362289428711,48.46424102783203,100.0,766.8753331000084,354.87170069454095,1.0,100.0,True,
LR_LR_LR_LR_LR,D,1,commercial,low,0.05,1.0,18.015789031982422,48.46117401123047,100.0,857.5999676954419,385.3449039984195,1.0,100.0,True,
LR_LR_LR_LR_LR,D,1,industrial,low,0.05,0.0,29.982637405395508,48.46117401123047,100.0,678.4768171091413,303.90187434900747,1.0,100.0,True,
LR_LR_LR_LR_LR,D,1,industrial,low,0.05,0.25,29.539379119873047,48.46117401123047,100.0,686.5428461140486,328.7053191162404,1.0,100.0,True,
LR_LR_LR_LR_LR,D,1,industrial,low,0.05,0.5,25.3369140625,48.46117401123047,100.0,759.474120291319,371.91283688622804,1.0,100.0,True,
LR_LR_LR_LR_LR,D,1,industrial,low,0.05,0.75,14.600756645202637,48.46117401123047,100.0,919.5219957568225,447.1802440706181,1.0,100.0,True,
LR_LR_LR_LR_LR,D,1,industrial,low,0.05,1.0,-8.749981880187988,48.46117401123047,88.91873858688018,1198.34800259273,578.2959864595032,1.0,100.0,False,"V3_floor,V4_band"
LR_LR_LR_LR_LR,E,1,mixed,low,0.05,0.0,30.101070404052734,48.468231201171875,100.0,676.8724591148658,304.1384375915439,1.0,100.0,True,
LR_LR_LR_LR_LR,E,1,mixed,low,0.05,0.25,29.88505744934082,48.46666717529297,100.0,680.7455340962186,312.7712543622896,1.0,100.0,True,
LR_LR_LR_LR_LR,E,1,mixed,low,0.05,0.5,29.133716583251953,48.46472930908203,100.0,694.3474049965523,323.1910772938943,1.0,100.0,True,
LR_LR_LR_LR_LR,E,1,mixed,low,0.05,0.75,26.934818267822266,48.46232604980469,100.0,731.978460193326,335.7678185894184,1.0,100.0,True,
LR_LR_LR_LR_LR,E,1,mixed,low,0.05,1.0,24.112796783447266,48.46117401123047,100.0,777.3985240346593,350.9479625997886,1.0,100.0,True,
LR_LR_LR_LR_LR,E,1,commercial,low,0.05,0.0,30.259052276611328,48.47161102294922,100.0,674.0257354022223,302.86750219148024,1.0,100.0,True,
LR_LR_LR_LR_LR,E,1,commercial,low,0.05,0.25,29.94052505493164,48.470218658447266,100.0,679.753765609809,317.46705717446224,1.0,100.0,True,
LR_LR_LR_LR_LR,E,1,commercial,low,0.05,0.5,28.315553665161133,48.4682731628418,100.0,708.1227085415213,337.33821791892655,1.0,100.0,True,
LR_LR_LR_LR_LR,E,1,commercial,low,0.05,0.75,23.05771255493164,48.46553421020508,100.0,778.7291629473957,364.38445463911023,1.0,100.0,True,
LR_LR_LR_LR_LR,E,1,commercial,low,0.05,1.0,8.500293731689453,48.461639404296875,99.43109987357775,931.156387161625,401.1965420366574,1.0,100.0,True,
LR_LR_LR_LR_LR,E,1,industrial,low,0.05,0.0,30.409862518310547,48.46117401123047,100.0,671.297423495741,303.0855490815283,1.0,100.0,True,
LR_LR_LR_LR_LR,E,1,industrial,low,0.05,0.25,29.867881774902344,48.46117401123047,100.0,681.0556134256981,333.24864828719956,1.0,100.0,True,
LR_LR_LR_LR_LR,E,1,industrial,low,0.05,0.5,24.248620986938477,48.46117401123047,100.0,772.9010245264915,385.79280734601826,1.0,100.0,True,
LR_LR_LR_LR_LR,E,1,industrial,low,0.05,0.75,10.319472312927246,48.46117401123047,100.0,966.65007081219,477.3248108645179,1.0,100.0,True,
LR_LR_LR_LR_LR,E,1,industrial,low,0.05,1.0,-21.076749801635742,48.46117401123047,79.26850681275461,1304.2390646577273,636.7737086147667,1.0,100.0,False,"V3_floor,V4_band"
LR_LR_LR_LR_LR,A+D,2,mixed,low,0.05,0.0,29.867435455322266,48.469058990478516,100.0,679.7657224497219,304.06561096575473,1.0,100.0,True,
LR_LR_LR_LR_LR,A+D,2,mixed,low,0.05,0.25,29.65402603149414,48.4674186706543,100.0,683.8468511463151,313.1263221922404,1.0,100.0,True,
LR_LR_LR_LR_LR,A+D,2,mixed,low,0.05,0.5,29.02435302734375,48.46541213989258,100.0,696.0786072194367,324.0626354481083,1.0,100.0,True,
LR_LR_LR_LR_LR,A+D,2,mixed,low,0.05,0.75,26.819433212280273,48.46295166015625,100.0,736.3757022743605,337.2628044550231,1.0,100.0,True,
LR_LR_LR_LR_LR,A+D,2,mixed,low,0.05,1.0,24.009906768798828,48.46117401123047,100.0,785.0139239928268,353.19545199779014,1.0,100.0,True,
LR_LR_LR_LR_LR,A+D,2,commercial,low,0.05,0.0,30.024372100830078,48.47260665893555,100.0,676.7541435840561,302.7291354052829,1.0,100.0,True,
LR_LR_LR_LR_LR,A+D,2,commercial,low,0.05,0.25,29.709857940673828,48.471153259277344,100.0,682.7863710641318,318.0514028851178,1.0,100.0,True,
LR_LR_LR_LR_LR,A+D,2,commercial,low,0.05,0.5,28.283050537109375,48.469120025634766,100.0,709.6640890500393,338.9062934338134,1.0,100.0,True,
LR_LR_LR_LR_LR,A+D,2,commercial,low,0.05,0.75,23.23109245300293,48.466251373291016,100.0,793.2576557035995,367.2915353953635,1.0,100.0,True,
LR_LR_LR_LR_LR,A+D,2,commercial,low,0.05,1.0,10.169078826904297,48.46220397949219,100.0,973.4325443322086,405.92619797633716,1.0,100.0,True,
LR_LR_LR_LR_LR,A+D,2,industrial,low,0.05,0.0,30.181241989135742,48.46117401123047,100.0,673.715741256214,302.64231825099796,1.0,100.0,True,
LR_LR_LR_LR_LR,A+D,2,industrial,low,0.05,0.25,29.652219772338867,48.46117401123047,100.0,683.8684442300746,334.06407703602275,1.0,100.0,True,
LR_LR_LR_LR_LR,A+D,2,industrial,low,0.05,0.5,24.447229385375977,48.46117401123047,100.0,776.6161807227812,388.8009753521267,1.0,100.0,True,
LR_LR_LR_LR_LR,A+D,2,industrial,low,0.05,0.75,11.115203857421875,48.46117401123047,100.0,979.9817626997839,484.1529353399976,1.0,100.0,True,
LR_LR_LR_LR_LR,A+D,2,industrial,low,0.05,1.0,-18.582963943481445,48.46117401123047,78.7329681134991,1334.2500517662247,650.2564692608883,1.0,100.0,False,"V3_floor,V4_band"
LR_LR_LR_LR_LR,A+B+C+D+E,5,mixed,low,0.05,0.0,29.434520721435547,48.491764068603516,100.0,687.3002485058516,291.1497119060575,1.0,100.0,True,
LR_LR_LR_LR_LR,A+B+C+D+E,5,mixed,low,0.05,0.25,21.48543357849121,48.48832702636719,100.0,829.6092547484387,323.75182867865016,1.0,100.0,True,
LR_LR_LR_LR_LR,A+B+C+D+E,5,mixed,low,0.05,0.5,10.222317695617676,48.483463287353516,100.0,1001.3798594348601,363.1027012582089,1.0,100.0,True,
LR_LR_LR_LR_LR,A+B+C+D+E,5,mixed,low,0.05,0.75,-5.736405372619629,48.47657012939453,91.48230088495575,1208.710982267385,410.5993361032305,1.0,100.0,False,"V3_floor,V4_band"
LR_LR_LR_LR_LR,A+B+C+D+E,5,commercial,low,0.05,0.0,21.34928321838379,48.49740219116211,100.0,832.0592372747216,286.3311867069289,1.0,100.0,True,
LR_LR_LR_LR_LR,A+B+C+D+E,5,commercial,low,0.05,0.25,0.4407205283641815,48.495399475097656,94.12312122489114,1132.5777628462524,341.4603576096431,1.0,100.0,False,"V3_floor,V4_band"
LR_LR_LR_LR_LR,A+B+C+D+E,5,industrial,low,0.05,0.0,30.66824722290039,48.46117401123047,100.0,662.9316956672242,286.3173730752624,1.0,100.0,True,
LR_LR_LR_LR_LR,A+B+C+D+E,5,industrial,low,0.05,0.25,29.29325294494629,48.46117401123047,100.0,690.6561496516408,399.59287522210377,1.0,100.0,True,
LR_LR_LR_LR_LR,A+B+C+D+E,5,industrial,low,0.05,0.5,-5.185897350311279,48.46117401123047,88.76949009692372,1203.1031986735568,596.9193500424274,1.0,100.0,False,"V3_floor,V4_band"
LR_LM_LC_LR_LR,A,1,mixed,low,0.05,0.0,33.67441940307617,48.47938537597656,100.0,587.6378192158155,302.2197612515977,1.0,100.0,True,
LR_LM_LC_LR_LR,A,1,mixed,low,0.05,0.25,34.37104415893555,48.481300354003906,100.0,577.9591938302557,303.29425068101676,0.8991389695542936,100.0,True,
LR_LM_LC_LR_LR,A,1,mixed,low,0.05,0.5,35.05460739135742,48.48317337036133,100.0,575.6054989457164,304.28621992352606,0.7974603006999381,100.0,True,
LR_LM_LC_LR_LR,A,1,mixed,low,0.05,0.75,34.75520324707031,48.48495864868164,100.0,589.2491792849639,305.1585600360352,0.6974154477930015,100.0,True,
LR_LM_LC_LR_LR,A,1,mixed,low,0.05,1.0,33.38456726074219,48.48662185668945,100.0,620.5906688492105,305.88020670181163,0.6013728673278461,100.0,True,
LR_LM_LC_LR_LR,A,1,commercial,low,0.05,0.0,33.7790641784668,48.479801177978516,100.0,587.0261992061062,301.93015294333213,1.0,100.0,True,
LR_LM_LC_LR_LR,A,1,commercial,low,0.05,0.25,34.418975830078125,48.481327056884766,100.0,576.6445318300529,304.2217266587028,0.8991389695542936,100.0,True,
LR_LM_LC_LR_LR,A,1,commercial,low,0.05,0.5,34.76909637451172,48.48317337036133,100.0,585.9779253887523,306.7781623983359,0.7974603006999381,100.0,True,
LR_LM_LC_LR_LR,A,1,commercial,low,0.05,0.75,33.42356491088867,48.48495864868164,100.0,624.2557385832351,309.57342274448087,0.6974154477930015,100.0,True,
LR_LM_LC_LR_LR,A,1,commercial,low,0.05,1.0,31.483074188232422,48.48662185668945,100.0,668.0831535537378,312.56942664590105,0.6013728673278461,100.0,True,
LR_LM_LC_LR_LR,A,1,industrial,low,0.05,0.0,33.804683685302734,48.47938537597656,100.0,586.3330329410315,301.88856855639114,1.0,100.0,True,
LR_LM_LC_LR_LR,A,1,industrial,low,0.05,0.25,34.36225509643555,48.481300354003906,100.0,578.1999619340476,307.22532684602885,0.8991389695542936,100.0,True,
LR_LM_LC_LR_LR,A,1,industrial,low,0.05,0.5,34.53213882446289,48.48317337036133,100.0,587.9317296683395,315.12357655375547,0.7974603006999381,100.0,True,
LR_LM_LC_LR_LR,A,1,industrial,low,0.05,0.75,33.40568161010742,48.48495864868164,100.0,624.764530176092,326.69765327100123,0.6974154477930015,100.0,True,
LR_LM_LC_LR_LR,A,1,industrial,low,0.05,1.0,30.30466079711914,48.48662185668945,100.0,696.1209978867716,343.46837308147934,0.6013728673278461,100.0,True,
LR_LM_LC_LR_LR,B,1,mixed,low,0.05,0.0,33.23938751220703,48.47938537597656,100.0,599.0588957335225,301.30661242322174,1.0,100.0,True,
LR_LM_LC_LR_LR,B,1,mixed,low,0.05,0.25,34.17229080200195,48.481300354003906,100.0,583.3832845588009,300.408907170905,0.8991389695542936,100.0,True,
LR_LM_LC_LR_LR,B,1,mixed,low,0.05,0.5,35.0763053894043,48.48317337036133,100.0,567.3740720541828,299.5173190934242,0.7974603006999381,100.0,True,
LR_LM_LC_LR_LR,B,1,mixed,low,0.05,0.75,35.762168884277344,48.48495864868164,100.0,562.1567829165497,298.65527555246314,0.6974154477930015,100.0,True,
LR_LM_LC_LR_LR,B,1,mixed,low,0.05,1.0,34.920658111572266,48.48662185668945,100.0,579.8344462987718,297.8447083200321,0.6013728673278461,100.0,True,
LR_LM_LC_LR_LR,B,1,commercial,low,0.05,0.0,33.86431121826172,48.4812126159668,100.0,585.2645917014819,299.65418672774,1.0,100.0,True,
LR_LM_LC_LR_LR,B,1,commercial,low,0.05,0.25,34.34387969970703,48.48289108276367,100.0,590.6643723596927,305.82510315393876,0.8991389695542936,100.0,True,
LR_LM_LC_LR_LR,B,1,commercial,low,0.05,0.5,30.53109359741211,48.48435974121094,100.0,666.0729145720611,314.01849108147513,0.7974603006999381,100.0,True,
LR_LM_LC_LR_LR,B,1,commercial,low,0.05,0.75,25.40547752380371,48.485595703125,100.0,758.3938948484899,324.32193921371805,0.6974154477930015,100.0,True,
LR_LM_LC_LR_LR,B,1,commercial,low,0.05,1.0,18.97230339050293,48.48662185668945,100.0,863.1409005679905,336.71655712447927,0.6013728673278461,100.0,True,
LR_LM_LC_LR_LR,B,1,industrial,low,0.05,0.0,34.012996673583984,48.47938537597656,100.0,581.5730554660033,299.6018489483975,1.0,100.0,True,
LR_LM_LC_LR_LR,B,1,industrial,low,0.05,0.25,34.1298828125,48.481300354003906,100.0,584.428846460674,323.56583083556694,0.8991389695542936,100.0,True,
LR_LM_LC_LR_LR,B,1,industrial,low,0.05,0.5,31.567047119140625,48.48317337036133,100.0,650.9959280274394,362.9432743424475,0.7974603006999381,100.0,True,
LR_LM_LC_LR_LR,B,1,industrial,low,0.05,0.75,25.115917205810547,48.48495864868164,100.0,773.686758062836,424.46732862713577,0.6974154477930015,100.0,True,
LR_LM_LC_LR_LR,B,1,industrial,low,0.05,1.0,7.278212547302246,48.48662185668945,99.05885658098047,1026.2305016669245,517.2034557030665,0.6013728673278461,100.0,True,
LR_LM_LC_LR_LR,C,1,mixed,low,0.05,0.0,32.86328125,48.47938537597656,100.0,607.4171107096732,302.8958531788979,1.0,100.0,True,
LR_LM_LC_LR_LR,C,1,mixed,low,0.05,0.25,34.057247161865234,48.481300354003906,100.0,586.0124663843206,299.5582454144501,0.8991389695542936,100.0,True,
LR_LM_LC_LR_LR,C,1,mixed,low,0.05,0.5,35.28669738769531,48.48317337036133,100.0,562.4141551242074,295.49786871969854,0.7974603006999381,100.0,True,
LR_LM_LC_LR_LR,C,1,mixed,low,0.05,0.75,36.40011978149414,48.48495864868164,100.0,546.9774796338194,290.71205203257387,0.6974154477930015,100.0,True,
LR_LM_LC_LR_LR,C,1,mixed,low,0.05,1.0,36.0758056640625,48.48662185668945,100.0,552.1467471983161,285.2347258818125,0.6013728673278461,100.0,True,
LR_LM_LC_LR_LR,C,1,commercial,low,0.05,0.0,33.23938751220703,48.47938537597656,100.0,599.0588957335225,302.3371646357866,1.0,100.0,True,
LR_LM_LC_LR_LR,C,1,commercial,low,0.05,0.25,34.17229080200195,48.481300354003906,100.0,583.3832845588009,301.413932805685,0.8991389695542936,100.0,True,
LR_LM_LC_LR_LR,C,1,commercial,low,0.05,0.5,35.0763053894043,48.48317337036133,100.0,567.3740720541828,300.4564518871902,0.7974603006999381,100.0,True,
LR_LM_LC_LR_LR,C,1,commercial,low,0.05,0.75,35.762168884277344,48.48495864868164,100.0,562.1567829165497,299.4839429968297,0.6974154477930015,100.0,True,
LR_LM_LC_LR_LR,C,1,commercial,low,0.05,1.0,34.920658111572266,48.48662185668945,100.0,579.8344462987718,298.51638129780827,0.6013728673278461,100.0,True,
LR_LM_LC_LR_LR,C,1,industrial,low,0.05,0.0,33.60609436035156,48.47938537597656,100.0,590.8068333163462,302.24445904769937,1.0,100.0,True,
LR_LM_LC_LR_LR,C,1,industrial,low,0.05,0.25,34.03886032104492,48.481300354003906,100.0,586.4324596521126,307.35518632337335,0.8991389695542936,100.0,True,
LR_LM_LC_LR_LR,C,1,industrial,low,0.05,0.5,34.03555679321289,48.48317337036133,100.0,591.3552998882149,316.98313824438026,0.7974603006999381,100.0,True,
LR_LM_LC_LR_LR,C,1,industrial,low,0.05,0.75,33.34159469604492,48.48495864868164,100.0,610.8461101248142,333.4075488860182,0.6974154477930015,100.0,True,
LR_LM_LC_LR_LR,C,1,industrial,low,0.05,1.0,31.56065559387207,48.48662185668945,100.0,656.630605813626,359.7378328658603,0.6013728673278461,100.0,True,
LR_LM_LC_LR_LR,D,1,mixed,low,0.05,0.0,34.7637939453125,48.48452377319336,100.0,568.0091323642943,299.08078977765877,1.0,100.0,True,
LR_LM_LC_LR_LR,D,1,mixed,low,0.05,0.25,33.6974983215332,48.48484802246094,100.0,608.123932547149,305.1749612826632,0.8991389695542936,100.0,True,
LR_LM_LC_LR_LR,D,1,mixed,low,0.05,0.5,31.622596740722656,48.48524475097656,100.0,653.4864590780522,310.98894688546125,0.7974603006999381,100.0,True,
LR_LM_LC_LR_LR,D,1,mixed,low,0.05,0.75,29.50168228149414,48.485713958740234,100.0,697.0651571891788,316.3349296707688,0.6974154477930015,100.0,True,
LR_LM_LC_LR_LR,D,1,mixed,low,0.05,1.0,27.407079696655273,48.48662185668945,100.0,738.0413649126907,321.0487480857107,0.6013728673278461,100.0,True,
LR_LM_LC_LR_LR,D,1,commercial,low,0.05,0.0,34.27452087402344,48.486507415771484,100.0,591.7848009818282,298.03392252545245,1.0,100.0,True,
LR_LM_LC_LR_LR,D,1,commercial,low,0.05,0.25,30.774564743041992,48.486671447753906,100.0,665.0481271008346,308.6758490988764,0.8991389695542936,100.0,True,
LR_LM_LC_LR_LR,D,1,commercial,low,0.05,0.5,26.524839401245117,48.48680114746094,100.0,745.177905910463,320.3342854709378,0.7974603006999381,100.0,True,
LR_LM_LC_LR_LR,D,1,commercial,low,0.05,0.75,21.422229766845703,48.48688888549805,100.0,831.5107557790233,332.8626267694202,0.6974154477930015,100.0,True,
LR_LM_LC_LR_LR,D,1,commercial,low,0.05,1.0,15.531739234924316,48.4869384765625,100.0,921.9762709132965,346.0704129385972,0.6013728673278461,100.0,True,
LR_LM_LC_LR_LR,D,1,industrial,low,0.05,0.0,34.93805694580078,48.47938537597656,100.0,563.2639374455705,297.9886897581085,1.0,100.0,True,
LR_LM_LC_LR_LR,D,1,industrial,low,0.05,0.25,35.03254318237305,48.481300354003906,100.0,580.3604604931571,320.0699174352224,0.8991389695542936,100.0,True,
LR_LM_LC_LR_LR,D,1,industrial,low,0.05,0.5,29.814559936523438,48.48317337036133,100.0,687.7068262716219,351.7779921999772,0.7974603006999381,100.0,True,
LR_LM_LC_LR_LR,D,1,industrial,low,0.05,0.75,21.529699325561523,48.48495864868164,100.0,830.5859085576005,397.23946202114007,0.6974154477930015,100.0,True,
LR_LM_LC_LR_LR,D,1,industrial,low,0.05,1.0,7.881475448608398,48.48662185668945,98.50049164208457,1024.7016595082348,462.105179716261,0.6013728673278461,100.0,True,
LR_LM_LC_LR_LR,E,1,mixed,low,0.05,0.0,34.68464279174805,48.485809326171875,100.0,581.5523491612062,298.2252530006449,1.0,100.0,True,
LR_LM_LC_LR_LR,E,1,mixed,low,0.05,0.25,32.44049835205078,48.48582458496094,100.0,631.2587627896877,305.7429442741656,0.8991389695542936,100.0,True,
LR_LM_LC_LR_LR,E,1,mixed,low,0.05,0.5,30.08295249938965,48.48591995239258,100.0,680.1477972636537,312.92420942003537,0.7974603006999381,100.0,True,
LR_LM_LC_LR_LR,E,1,mixed,low,0.05,0.75,27.69219970703125,48.4860954284668,100.0,726.8642187202479,319.5384654842734,0.6974154477930015,100.0,True,
LR_LM_LC_LR_LR,E,1,mixed,low,0.05,1.0,25.301176071166992,48.48662185668945,100.0,771.2655750225736,325.3837901883744,0.6013728673278461,100.0,True,
LR_LM_LC_LR_LR,E,1,commercial,low,0.05,0.0,32.88896942138672,48.48813247680664,100.0,617.434219177973,296.95431760058125,1.0,100.0,True,
LR_LM_LC_LR_LR,E,1,commercial,low,0.05,0.25,28.630014419555664,48.487979888916016,100.0,700.6453279366575,309.9651542094527,0.8991389695542936,100.0,True,
LR_LM_LC_LR_LR,E,1,commercial,low,0.05,0.5,23.348037719726562,48.48777389526367,100.0,792.5922677474908,324.206057177019,0.7974603006999381,100.0,True,
LR_LM_LC_LR_LR,E,1,commercial,low,0.05,0.75,17.04546356201172,48.48752212524414,100.0,890.620746945423,339.4962507490924,0.6974154477930015,100.0,True,
LR_LM_LC_LR_LR,E,1,commercial,low,0.05,1.0,9.710362434387207,48.487220764160156,99.89113639556118,993.1686474328708,355.60206119609285,0.6013728673278461,100.0,True,
LR_LM_LC_LR_LR,E,1,industrial,low,0.05,0.0,34.93805694580078,48.47938537597656,100.0,563.1365171525798,297.1723644906294,1.0,100.0,True,
LR_LM_LC_LR_LR,E,1,industrial,low,0.05,0.25,34.13197708129883,48.481300354003906,100.0,597.6924415977106,324.15501287384166,0.8991389695542936,100.0,True,
LR_LM_LC_LR_LR,E,1,industrial,low,0.05,0.5,27.738534927368164,48.48317337036133,100.0,721.2893316917223,362.84670575606185,0.7974603006999381,100.0,True,
LR_LM_LC_LR_LR,E,1,industrial,low,0.05,0.75,17.196584701538086,48.48495864868164,100.0,888.4408798504226,418.26266768256477,0.6974154477930015,100.0,True,
LR_LM_LC_LR_LR,E,1,industrial,low,0.05,1.0,-0.7502759695053101,48.48662185668945,92.18640258463267,1116.8117714043872,497.2718863801831,0.6013728673278461,100.0,False,"V3_floor,V4_band"
LR_LM_LC_LR_LR,A+D,2,mixed,low,0.05,0.0,34.67568588256836,48.486122131347656,100.0,588.9263517213303,298.1524263748557,1.0,100.0,True,
LR_LM_LC_LR_LR,A+D,2,mixed,low,0.05,0.25,32.448184967041016,48.486083984375,100.0,639.5966237964957,306.06204087060325,0.8991389695542936,100.0,True,
LR_LM_LC_LR_LR,A+D,2,mixed,low,0.05,0.5,30.10761260986328,48.48612594604492,100.0,689.3480900147521,313.61891251085797,0.7974603006999381,100.0,True,
LR_LM_LC_LR_LR,A+D,2,mixed,low,0.05,0.75,27.73348045349121,48.48625946044922,100.0,736.90584831809,320.580582935581,0.6974154477930015,100.0,True,
LR_LM_LC_LR_LR,A+D,2,mixed,low,0.05,1.0,25.361488342285156,48.48662185668945,100.0,781.9550978328731,326.7346797207424,0.6013728673278461,100.0,True,
LR_LM_LC_LR_LR,A+D,2,commercial,low,0.05,0.0,32.9415283203125,48.4885368347168,100.0,626.2460174300119,296.8159508143838,1.0,100.0,True,
LR_LM_LC_LR_LR,A+D,2,commercial,low,0.05,0.25,28.745609283447266,48.48833084106445,100.0,712.9990189980476,310.4904046645025,0.8991389695542936,100.0,True,
LR_LM_LC_LR_LR,A+D,2,commercial,low,0.05,0.5,23.536149978637695,48.488067626953125,100.0,808.4958874860879,325.4561935711443,0.7974603006999381,100.0,True,
LR_LM_LC_LR_LR,A+D,2,commercial,low,0.05,0.75,17.330503463745117,48.48775100708008,100.0,910.4902330775258,341.5231427426778,0.6974154477930015,100.0,True,
LR_LM_LC_LR_LR,A+D,2,commercial,low,0.05,1.0,10.12035846710205,48.48738479614258,100.0,1017.37397012521,358.4455645177184,0.6013728673278461,100.0,True,
LR_LM_LC_LR_LR,A+D,2,industrial,low,0.05,0.0,34.93805694580078,48.47938537597656,100.0,563.1365171525798,296.72913366009897,1.0,100.0,True,
LR_LM_LC_LR_LR,A+D,2,industrial,low,0.05,0.25,34.23546600341797,48.481300354003906,100.0,601.7866666720312,324.8880731881745,0.8991389695542936,100.0,True,
LR_LM_LC_LR_LR,A+D,2,industrial,low,0.05,0.5,27.972673416137695,48.48317337036133,100.0,730.1149689762273,365.24531445560325,0.7974603006999381,100.0,True,
LR_LM_LC_LR_LR,A+D,2,industrial,low,0.05,0.75,17.734844207763672,48.48495864868164,100.0,904.505497421564,423.02420852091814,0.6974154477930015,100.0,True,
LR_LM_LC_LR_LR,A+D,2,industrial,low,0.05,1.0,0.5346682667732239,48.48662185668945,91.99676920915859,1142.5414606971888,505.3792777309603,0.6013728673278461,100.0,False,"V3_floor,V4_band"
LR_LM_LC_LR_LR,A+B+C+D+E,5,mixed,low,0.05,0.0,29.434520721435547,48.491764068603516,100.0,687.3002485058516,291.1357710144182,1.0,100.0,True,
LR_LM_LC_LR_LR,A+B+C+D+E,5,mixed,low,0.05,0.25,26.314468383789062,48.490413665771484,100.0,745.9154189431135,304.55062445089385,0.8991389695542936,100.0,True,
LR_LM_LC_LR_LR,A+B+C+D+E,5,mixed,low,0.05,0.5,23.330181121826172,48.4891242980957,100.0,798.5210262390962,316.58954684962794,0.7974603006999381,100.0,True,
LR_LM_LC_LR_LR,A+B+C+D+E,5,mixed,low,0.05,0.75,20.677812576293945,48.487979888916016,100.0,842.9110534482207,326.74765569122184,0.6974154477930015,100.0,True,
LR_LM_LC_LR_LR,A+B+C+D+E,5,mixed,low,0.05,1.0,18.539634704589844,48.487056732177734,100.0,877.2945187033646,334.6150789106217,0.6013728673278461,100.0,True,
LR_LM_LC_LR_LR,A+B+C+D+E,5,commercial,low,0.05,0.0,21.34928321838379,48.49740219116211,100.0,832.0592372747216,286.31724581528965,1.0,100.0,True,
LR_LM_LC_LR_LR,A+B+C+D+E,5,commercial,low,0.05,0.25,9.031532287597656,48.49622344970703,99.26429273774406,1018.3216157337769,320.4730815543488,0.8991389695542936,100.0,True,
LR_LM_LC_LR_LR,A+B+C+D+E,5,commercial,low,0.05,0.5,-7.437784671783447,48.49464797973633,92.23556679308892,1229.328388436763,359.1684308224406,0.7974603006999381,100.0,False,"V3_floor,V4_band"
LR_LM_LC_LR_LR,A+B+C+D+E,5,industrial,low,0.05,0.0,34.93805694580078,48.47938537597656,100.0,563.1365171525798,286.3034321836231,1.0,100.0,True,
LR_LM_LC_LR_LR,A+B+C+D+E,5,industrial,low,0.05,0.25,32.72590255737305,48.481300354003906,100.0,620.998210685891,372.74258994172624,0.8991389695542936,100.0,True,
LR_LM_LC_LR_LR,A+B+C+D+E,5,industrial,low,0.05,0.5,13.195388793945312,48.48317337036133,100.0,959.4335142977835,503.0496699041047,0.7974603006999381,100.0,True,
LR_LM_LC_LR_LR,A+B+C+D+E,5,industrial,low,0.05,0.75,-28.488155364990234,48.48495864868164,82.59587020648968,1461.6411672381303,696.4230334029675,0.6974154477930015,100.0,False,"V3_floor,V4_band"
LR_LR_LR_LM_LR,A,1,mixed,low,0.05,0.0,31.554641723632812,48.47018051147461,100.0,648.2372371450979,305.4808958893015,1.0,100.0,True,
LR_LR_LR_LM_LR,A,1,mixed,low,0.05,0.25,31.81378746032715,48.471397399902344,100.0,641.3251021550747,306.93690725848205,0.9565373662834705,100.0,True,
LR_LR_LR_LM_LR,A,1,mixed,low,0.05,0.5,32.09326171875,48.47270584106445,100.0,633.741288936584,308.53417175078147,0.9088591354860214,100.0,True,
LR_LR_LR_LM_LR,A,1,mixed,low,0.05,0.75,32.19895935058594,48.47408676147461,100.0,631.2902174783048,310.26205193763855,0.8572828745294248,100.0,True,
LR_LR_LR_LM_LR,A,1,mixed,low,0.05,1.0,32.2127799987793,48.47551727294922,100.0,629.8492059999489,312.1031728918613,0.8023272277913285,100.0,True,
LR_LR_LR_LM_LR,A,1,commercial,low,0.05,0.0,31.579248428344727,48.47018051147461,100.0,647.6256171353884,305.191287581036,1.0,100.0,True,
LR_LR_LR_LM_LR,A,1,commercial,low,0.05,0.25,31.821439743041992,48.471397399902344,100.0,641.1331810462267,307.92362492503474,0.9565373662834705,100.0,True,
LR_LR_LR_LM_LR,A,1,commercial,low,0.05,0.5,32.06513977050781,48.47270584106445,100.0,635.6389692190501,311.37432834961567,0.9088591354860214,100.0,True,
LR_LR_LR_LM_LR,A,1,commercial,low,0.05,0.75,31.840913772583008,48.47408676147461,100.0,640.3348235824687,315.68917059879607,0.8572828745294248,100.0,True,
LR_LR_LR_LM_LR,A,1,commercial,low,0.05,1.0,31.521881103515625,48.47551727294922,100.0,647.2382197689917,321.0281179274085,0.8023272277913285,100.0,True,
LR_LR_LR_LM_LR,A,1,industrial,low,0.05,0.0,31.60710906982422,48.47018051147461,100.0,646.9324508703138,305.1497031940951,1.0,100.0,True,
LR_LR_LR_LM_LR,A,1,industrial,low,0.05,0.25,31.816396713256836,48.471397399902344,100.0,641.2596671568035,311.1188309053641,0.9565373662834705,100.0,True,
LR_LR_LR_LM_LR,A,1,industrial,low,0.05,0.5,31.500818252563477,48.47270584106445,100.0,649.7638531771862,320.88522505879115,0.9088591354860214,100.0,True,
LR_LR_LR_LM_LR,A,1,industrial,low,0.05,0.75,30.322175979614258,48.47408676147461,100.0,677.5494725456899,336.73825739939156,0.8572828745294248,100.0,True,
LR_LR_LR_LM_LR,A,1,industrial,low,0.05,1.0,28.20543670654297,48.47551727294922,100.0,725.7215903280829,362.2515208785249,0.8023272277913285,100.0,True,
LR_LR_LR_LM_LR,B,1,mixed,low,0.05,0.0,32.72239303588867,48.479793548583984,100.0,621.636186996268,299.9889932615726,1.0,100.0,True,
LR_LR_LR_LM_LR,B,1,mixed,low,0.05,0.25,32.753440856933594,48.478843688964844,100.0,619.7609134753322,310.48290404007645,0.9565373662834705,100.0,True,
LR_LR_LR_LM_LR,B,1,mixed,low,0.05,0.5,32.061763763427734,48.477779388427734,100.0,637.2869270619445,321.9946827353705,0.9088591354860214,100.0,True,
LR_LR_LR_LM_LR,B,1,mixed,low,0.05,0.75,29.955276489257812,48.47659683227539,100.0,681.7345389973169,334.44765488651757,0.8572828745294248,100.0,True,
LR_LR_LR_LM_LR,B,1,mixed,low,0.05,1.0,26.824478149414062,48.47551727294922,100.0,746.0484624131107,347.7165953622986,0.8023272277913285,100.0,True,
LR_LR_LR_LM_LR,B,1,commercial,low,0.05,0.0,32.874168395996094,48.48334503173828,100.0,618.3649546844375,298.3365675660908,1.0,100.0,True,
LR_LR_LR_LM_LR,B,1,commercial,low,0.05,0.25,31.811702728271484,48.482425689697266,100.0,645.5329988052034,316.24487452568,0.9565373662834705,100.0,True,
LR_LR_LR_LM_LR,B,1,commercial,low,0.05,0.5,24.93939208984375,48.48117446899414,100.0,773.0108671906311,338.5216251042629,0.9088591354860214,100.0,True,
LR_LR_LR_LM_LR,B,1,commercial,low,0.05,0.75,14.896738052368164,48.4795036315918,100.0,929.7041676909918,365.9980175839401,0.8572828745294248,100.0,True,
LR_LR_LR_LM_LR,B,1,commercial,low,0.05,1.0,0.3920136094093323,48.47727966308594,94.80439668492767,1122.205944480662,399.5781691486277,0.8023272277913285,100.0,False,"V3_floor,V4_band"
LR_LR_LR_LM_LR,B,1,industrial,low,0.05,0.0,32.961673736572266,48.47018051147461,100.0,616.793056905858,298.2842297867483,1.0,100.0,True,
LR_LR_LR_LM_LR,B,1,industrial,low,0.05,0.25,32.75041961669922,48.471397399902344,100.0,619.8299830198575,335.1180038226188,0.9565373662834705,100.0,True,
LR_LR_LR_LM_LR,B,1,industrial,low,0.05,0.5,27.665082931518555,48.47270584106445,100.0,729.0526436210764,394.28055041629625,0.9088591354860214,100.0,True,
LR_LR_LR_LM_LR,B,1,industrial,low,0.05,0.75,14.51901912689209,48.47408676147461,100.0,943.7987062447093,489.0991435142857,0.8572828745294248,100.0,True,
LR_LR_LR_LM_LR,B,1,industrial,low,0.05,1.0,-19.658870697021484,48.47551727294922,82.4905183312263,1344.9648879001418,640.3758338783146,0.8023272277913285,100.0,False,"V3_floor,V4_band"
LR_LR_LR_LM_LR,C,1,mixed,low,0.05,0.0,31.63835334777832,48.471126556396484,100.0,647.0109298314601,304.83649791669507,1.0,100.0,True,
LR_LR_LR_LM_LR,C,1,mixed,low,0.05,0.25,31.848735809326172,48.471649169921875,100.0,640.9776757144855,308.11800939980054,0.9565373662834705,100.0,True,
LR_LR_LR_LM_LR,C,1,mixed,low,0.05,0.5,32.07538604736328,48.47270584106445,100.0,634.5995839869004,311.7178116389324,0.9088591354860214,100.0,True,
LR_LR_LR_LM_LR,C,1,mixed,low,0.05,0.75,31.778173446655273,48.47408676147461,100.0,639.6008934859173,315.61192800957497,0.8572828745294248,100.0,True,
LR_LR_LR_LM_LR,C,1,mixed,low,0.05,1.0,31.418338775634766,48.47551727294922,100.0,644.9302296388053,319.76119994080165,0.8023272277913285,100.0,True,
LR_LR_LR_LM_LR,C,1,commercial,low,0.05,0.0,31.698741912841797,48.47258377075195,100.0,645.7350074070995,304.27780937358386,1.0,100.0,True,
LR_LR_LR_LM_LR,C,1,commercial,low,0.05,0.25,31.86949348449707,48.47307205200195,100.0,640.5366430324793,310.09215917259337,0.9565373662834705,100.0,True,
LR_LR_LR_LM_LR,C,1,commercial,low,0.05,0.5,31.856225967407227,48.47351837158203,100.0,640.0028904045165,317.3690753834698,0.9088591354860214,100.0,True,
LR_LR_LR_LM_LR,C,1,commercial,low,0.05,0.75,30.936307907104492,48.47408676147461,100.0,657.2299543885297,326.3946040390723,0.8572828745294248,100.0,True,
LR_LR_LR_LM_LR,C,1,commercial,low,0.05,1.0,29.272226333618164,48.47551727294922,100.0,684.4927707903505,337.4810856273321,0.8023272277913285,100.0,True,
LR_LR_LR_LM_LR,C,1,industrial,low,0.05,0.0,31.76276206970215,48.47018051147461,100.0,644.379946539286,304.1851037854966,1.0,100.0,True,
LR_LR_LR_LM_LR,C,1,industrial,low,0.05,0.25,31.856082916259766,48.471397399902344,100.0,640.8222765996913,316.4126540273027,0.9565373662834705,100.0,True,
LR_LR_LR_LM_LR,C,1,industrial,low,0.05,0.5,30.64773178100586,48.47270584106445,100.0,665.219064560898,336.2043323594611,0.9088591354860214,100.0,True,
LR_LR_LR_LM_LR,C,1,industrial,low,0.05,0.75,27.401004791259766,48.47408676147461,100.0,727.022263870984,368.0943262655001,0.8572828745294248,100.0,True,
LR_LR_LR_LM_LR,C,1,industrial,low,0.05,1.0,21.410131454467773,48.47551727294922,100.0,830.0865663906067,419.16003570017625,0.8023272277913285,100.0,True,
LR_LR_LR_LM_LR,D,1,mixed,low,0.05,0.0,31.543277740478516,48.47018051147461,100.0,649.2307908016924,305.10162060719915,1.0,100.0,True,
LR_LR_LR_LM_LR,D,1,mixed,low,0.05,0.25,31.859439849853516,48.471397399902344,100.0,641.0410185155786,304.4831344556063,0.9565373662834705,100.0,True,
LR_LR_LR_LM_LR,D,1,mixed,low,0.05,0.5,32.1585578918457,48.47270584106445,100.0,633.2748196367547,303.8046472563745,0.9088591354860214,100.0,True,
LR_LR_LR_LM_LR,D,1,mixed,low,0.05,0.75,32.45029830932617,48.47408676147461,100.0,624.874788451579,303.07067758789356,0.8572828745294248,100.0,True,
LR_LR_LR_LM_LR,D,1,mixed,low,0.05,1.0,32.75442123413086,48.47551727294922,100.0,615.9253997311524,302.28860595633273,0.8023272277913285,100.0,True,
LR_LR_LR_LM_LR,D,1,commercial,low,0.05,0.0,31.668596267700195,48.47018051147461,100.0,646.8308319457359,304.0547533549928,1.0,100.0,True,
LR_LR_LR_LM_LR,D,1,commercial,low,0.05,0.25,31.902172088623047,48.471397399902344,100.0,640.185953842963,308.2074544307947,0.9565373662834705,100.0,True,
LR_LR_LR_LM_LR,D,1,commercial,low,0.05,0.5,31.672300338745117,48.47270584106445,100.0,642.6235893992114,314.45530954148165,0.9088591354860214,100.0,True,
LR_LR_LR_LM_LR,D,1,commercial,low,0.05,0.75,30.737646102905273,48.47408676147461,100.0,657.399915232319,323.38670508734447,0.8572828745294248,100.0,True,
LR_LR_LR_LM_LR,D,1,commercial,low,0.05,1.0,28.226818084716797,48.47551727294922,100.0,688.0425990126553,335.6709982367856,0.8023272277913285,100.0,True,
LR_LR_LR_LM_LR,D,1,industrial,low,0.05,0.0,31.79074478149414,48.47018051147461,100.0,644.4855958829684,304.0095205876488,1.0,100.0,True,
LR_LR_LR_LM_LR,D,1,industrial,low,0.05,0.25,31.855236053466797,48.471397399902344,100.0,641.0938395914416,320.32899114372043,0.9565373662834705,100.0,True,
LR_LR_LR_LM_LR,D,1,industrial,low,0.05,0.5,29.094419479370117,48.47270584106445,100.0,690.2527043482185,350.29169353272033,0.9088591354860214,100.0,True,
LR_LR_LR_LM_LR,D,1,industrial,low,0.05,0.75,23.012666702270508,48.47408676147461,100.0,788.2832793236602,402.5209550626349,0.8572828745294248,100.0,True,
LR_LR_LR_LM_LR,D,1,industrial,low,0.05,1.0,10.427139282226562,48.47551727294922,100.0,961.4509051588373,490.4804875128611,0.8023272277913285,100.0,True,
LR_LR_LR_LM_LR,E,1,mixed,low,0.05,0.0,32.95979690551758,48.47673416137695,100.0,622.2589973805773,301.48638763834873,1.0,100.0,True,
LR_LR_LR_LM_LR,E,1,mixed,low,0.05,0.25,32.901756286621094,48.476234436035156,100.0,621.8159967743023,309.5417364208331,0.9565373662834705,100.0,True,
LR_LR_LR_LM_LR,E,1,mixed,low,0.05,0.5,32.1281623840332,48.475685119628906,100.0,633.8212052849311,318.37840555045057,0.9088591354860214,100.0,True,
LR_LR_LR_LM_LR,E,1,mixed,low,0.05,0.75,30.089454650878906,48.4750862121582,100.0,657.5514812252824,327.93753722343666,0.8572828745294248,100.0,True,
LR_LR_LR_LM_LR,E,1,mixed,low,0.05,1.0,27.185739517211914,48.47551727294922,100.0,694.0440861175481,338.1230058225219,0.8023272277913285,100.0,True,
LR_LR_LR_LM_LR,E,1,commercial,low,0.05,0.0,33.10511779785156,48.47964859008789,100.0,619.4122736679336,300.2154522382851,1.0,100.0,True,
LR_LR_LR_LM_LR,E,1,commercial,low,0.05,0.25,32.52888107299805,48.47913360595703,100.0,619.5842746315014,314.0334606856171,0.9565373662834705,100.0,True,
LR_LR_LR_LM_LR,E,1,commercial,low,0.05,0.5,26.508771896362305,48.4783935546875,100.0,687.5224675830606,331.23619368878974,0.9088591354860214,100.0,True,
LR_LR_LR_LM_LR,E,1,commercial,low,0.05,0.75,17.980754852294922,48.47735595703125,100.0,812.5899019273521,352.4701396721082,0.8572828745294248,100.0,True,
LR_LR_LR_LM_LR,E,1,commercial,low,0.05,1.0,5.7629075050354,48.475948333740234,98.35651074589128,963.7405926493865,378.4388836750089,0.8023272277913285,100.0,True,
LR_LR_LR_LM_LR,E,1,industrial,low,0.05,0.0,33.24378204345703,48.47018051147461,100.0,616.6839617614523,300.4334991283332,1.0,100.0,True,
LR_LR_LR_LM_LR,E,1,industrial,low,0.05,0.25,32.860965728759766,48.471397399902344,100.0,622.6069825247671,329.1291488925736,0.9565373662834705,100.0,True,
LR_LR_LR_LM_LR,E,1,industrial,low,0.05,0.5,28.060665130615234,48.47270584106445,100.0,706.5154568645307,375.27460723320735,0.9088591354860214,100.0,True,
LR_LR_LR_LM_LR,E,1,industrial,low,0.05,0.75,17.07211685180664,48.47408676147461,100.0,860.0926481443356,449.2920067122158,0.8572828745294248,100.0,True,
LR_LR_LR_LM_LR,E,1,industrial,low,0.05,1.0,-9.943717002868652,48.47551727294922,86.492133726647,1136.9315942129938,567.4489171810324,0.8023272277913285,100.0,False,"V3_floor,V4_band"
LR_LR_LR_LM_LR,A+D,2,mixed,low,0.05,0.0,31.68224334716797,48.47018051147461,100.0,645.774501223549,304.17325720439607,1.0,100.0,True,
LR_LR_LR_LM_LR,A+D,2,mixed,low,0.05,0.25,31.958660125732422,48.471397399902344,100.0,638.5152661617109,305.4270138404622,0.9565373662834705,100.0,True,
LR_LR_LR_LM_LR,A+D,2,mixed,low,0.05,0.5,32.18349838256836,48.47270584106445,100.0,632.6423937579475,306.80239433352926,0.9088591354860214,100.0,True,
LR_LR_LR_LM_LR,A+D,2,mixed,low,0.05,0.75,32.19895935058594,48.47408676147461,100.0,631.2902174783048,308.2902385697237,0.8572828745294248,100.0,True,
LR_LR_LR_LM_LR,A+D,2,mixed,low,0.05,1.0,32.2127799987793,48.47551727294922,100.0,629.849205999949,309.8755851928298,0.8023272277913285,100.0,True,
LR_LR_LR_LM_LR,A+D,2,commercial,low,0.05,0.0,31.83156967163086,48.47260665893555,100.0,642.7629223578832,302.8367816439242,1.0,100.0,True,
LR_LR_LR_LM_LR,A+D,2,commercial,low,0.05,0.25,32.0088996887207,48.47343063354492,100.0,637.500818713693,310.1380514822035,0.9565373662834705,100.0,True,
LR_LR_LR_LM_LR,A+D,2,commercial,low,0.05,0.5,31.562023162841797,48.47412872314453,100.0,644.9877389815067,320.29321321747074,0.9088591354860214,100.0,True,
LR_LR_LR_LM_LR,A+D,2,commercial,low,0.05,0.75,29.50074005126953,48.47462463378906,100.0,680.063477297702,334.03338473033216,0.8572828745294248,100.0,True,
LR_LR_LR_LM_LR,A+D,2,commercial,low,0.05,1.0,23.007047653198242,48.47551727294922,100.0,781.0297889301663,352.18292250882973,0.8023272277913285,100.0,True,
LR_LR_LR_LM_LR,A+D,2,industrial,low,0.05,0.0,31.980812072753906,48.47018051147461,100.0,639.724520030041,302.7499644896393,1.0,100.0,True,
LR_LR_LR_LM_LR,A+D,2,industrial,low,0.05,0.25,31.957069396972656,48.471397399902344,100.0,638.5351905727482,325.45479417545846,0.9565373662834705,100.0,True,
LR_LR_LR_LM_LR,A+D,2,industrial,low,0.05,0.5,28.348834991455078,48.47270584106445,100.0,705.8333830357866,365.6404939178848,0.9088591354860214,100.0,True,
LR_LR_LR_LM_LR,A+D,2,industrial,low,0.05,0.75,20.39141273498535,48.47408676147461,100.0,840.1186825776928,434.21672150621805,0.8572828745294248,100.0,True,
LR_LR_LR_LM_LR,A+D,2,industrial,low,0.05,1.0,3.886354446411133,48.47551727294922,96.7393594605984,1070.499677763028,548.2158147360218,0.8023272277913285,100.0,False,"V3_floor,V4_band"
LR_LR_LR_LM_LR,A+B+C+D+E,5,mixed,low,0.05,0.0,29.434520721435547,48.491764068603516,100.0,687.3002485058516,291.2573581446988,1.0,100.0,True,
LR_LR_LR_LM_LR,A+B+C+D+E,5,mixed,low,0.05,0.25,23.61992645263672,48.4892463684082,100.0,793.5441180126713,315.5905800802942,0.9565373662834705,100.0,True,
LR_LR_LR_LM_LR,A+B+C+D+E,5,mixed,low,0.05,0.5,16.43222999572754,48.48614501953125,100.0,910.0947937918565,342.2840202374025,0.9088591354860214,100.0,True,
LR_LR_LR_LM_LR,A+B+C+D+E,5,mixed,low,0.05,0.75,7.722723484039307,48.482383728027344,98.69188088214636,1036.1760635782634,371.15988582182786,0.8572828745294248,100.0,True,
LR_LR_LR_LM_LR,A+B+C+D+E,5,mixed,low,0.05,1.0,-2.605600595474243,48.47792053222656,92.41993257479983,1170.5201009384655,401.9278053523593,0.8023272277913285,100.0,False,"V3_floor,V4_band"
LR_LR_LR_LM_LR,A+B+C+D+E,5,commercial,low,0.05,0.0,21.34928321838379,48.49740219116211,100.0,832.0592372747216,286.4388329455702,1.0,100.0,True,
LR_LR_LR_LM_LR,A+B+C+D+E,5,commercial,low,0.05,0.25,4.237964153289795,48.495765686035156,96.17923865711477,1083.3428050571495,332.5294622452158,0.9565373662834705,100.0,False,"V3_floor,V4_band"
LR_LR_LR_LM_LR,A+B+C+D+E,5,industrial,low,0.05,0.0,33.25540542602539,48.47018051147461,100.0,612.0739148506119,286.42501931390376,1.0,100.0,True,
LR_LR_LR_LM_LR,A+B+C+D+E,5,industrial,low,0.05,0.25,30.81051254272461,48.471397399902344,100.0,660.6394492743012,388.13551729707547,0.9565373662834705,100.0,True,
LR_LR_LR_LM_LR,A+B+C+D+E,5,industrial,low,0.05,0.5,3.5221848487854004,48.47270584106445,93.56300042140751,1093.4543721162352,554.7907099059692,0.9088591354860214,100.0,False,"V3_floor,V4_band"
LR_LR_LR_LC_LR,A,1,mixed,low,0.05,0.0,32.37476348876953,48.47285842895508,100.0,632.3708424862748,304.60374055717426,1.0,100.0,True,
LR_LR_LR_LC_LR,A,1,mixed,low,0.05,0.25,33.03467559814453,48.4754638671875,100.0,615.9698504400949,305.51397603433367,0.9265621553919855,100.0,True,
LR_LR_LR_LC_LR,A,1,mixed,low,0.05,0.5,33.77323913574219,48.47830581665039,100.0,597.0531686647009,306.309015857022,0.8423638783730281,100.0,True,
LR_LR_LR_LC_LR,A,1,mixed,low,0.05,0.75,34.37562942504883,48.48124313354492,100.0,580.4650274222479,306.91750290655204,0.749645062115347,100.0,True,
LR_LR_LR_LC_LR,A,1,mixed,low,0.05,1.0,33.10272216796875,48.484127044677734,100.0,583.2696591894485,307.2782150152661,0.6519708594148834,100.0,True,
LR_LR_LR_LC_LR,A,1,commercial,low,0.05,0.0,32.39885330200195,48.47285842895508,100.0,631.7592224765655,304.3141322489088,1.0,100.0,True,
LR_LR_LR_LC_LR,A,1,commercial,low,0.05,0.25,33.041831970214844,48.4754638671875,100.0,615.7840362061288,306.46975573741616,0.9265621553919855,100.0,True,
LR_LR_LR_LC_LR,A,1,commercial,low,0.05,0.5,33.75776672363281,48.47830581665039,100.0,597.8005425920556,308.9413185918165,0.8423638783730281,100.0,True,
LR_LR_LR_LC_LR,A,1,commercial,low,0.05,0.75,33.68070602416992,48.48124313354492,100.0,594.6909233721645,311.66307295756394,0.749645062115347,100.0,True,
LR_LR_LR_LC_LR,A,1,commercial,low,0.05,1.0,31.14102554321289,48.484127044677734,100.0,634.6801771226388,314.5303591813242,0.6519708594148834,100.0,True,
LR_LR_LR_LC_LR,A,1,industrial,low,0.05,0.0,32.42613220214844,48.47285842895508,100.0,631.0660562114908,304.2725478619678,1.0,100.0,True,
LR_LR_LR_LC_LR,A,1,industrial,low,0.05,0.25,33.037132263183594,48.4754638671875,100.0,615.9061026646094,309.564899776588,0.9265621553919855,100.0,True,
LR_LR_LR_LC_LR,A,1,industrial,low,0.05,0.5,33.30299758911133,48.47830581665039,100.0,610.8851876917681,317.75652750116916,0.8423638783730281,100.0,True,
LR_LR_LR_LC_LR,A,1,industrial,low,0.05,0.75,32.872894287109375,48.48124313354492,100.0,620.9121625399657,330.0695820028876,0.749645062115347,100.0,True,
LR_LR_LR_LC_LR,A,1,industrial,low,0.05,1.0,29.772619247436523,48.484127044677734,100.0,668.5324690617952,348.0288934732904,0.6519708594148834,100.0,True,
LR_LR_LR_LC_LR,B,1,mixed,low,0.05,0.0,33.517784118652344,48.48204040527344,100.0,605.7697923374451,299.11183792944524,1.0,100.0,True,
LR_LR_LR_LC_LR,B,1,mixed,low,0.05,0.25,33.8876838684082,48.48218536376953,100.0,595.0746768531103,308.94886109490295,0.9265621553919855,100.0,True,
LR_LR_LR_LC_LR,B,1,mixed,low,0.05,0.5,30.653987884521484,48.482547760009766,100.0,663.5391752549987,318.784734440091,0.8423638783730281,100.0,True,
LR_LR_LR_LC_LR,B,1,mixed,low,0.05,0.75,26.766202926635742,48.48316192626953,100.0,735.1522277134225,328.0664809300941,0.749645062115347,100.0,True,
LR_LR_LR_LC_LR,B,1,mixed,low,0.05,1.0,22.620101928710938,48.484127044677734,100.0,804.0717118846201,336.21774249428853,0.6519708594148834,100.0,True,
LR_LR_LR_LC_LR,B,1,commercial,low,0.05,0.0,33.66394805908203,48.48539352416992,100.0,602.946165700146,297.45941223396346,1.0,100.0,True,
LR_LR_LR_LC_LR,B,1,commercial,low,0.05,0.25,30.091732025146484,48.48537826538086,100.0,684.2479824375248,314.5302574074402,0.9265621553919855,100.0,True,
LR_LR_LR_LC_LR,B,1,commercial,low,0.05,0.5,22.888208389282227,48.48535919189453,100.0,815.1169856250771,334.10247042541454,0.8423638783730281,100.0,True,
LR_LR_LR_LC_LR,B,1,commercial,low,0.05,0.75,13.631394386291504,48.4853401184082,100.0,960.8158967147315,355.655381369289,0.749645062115347,100.0,True,
LR_LR_LR_LC_LR,B,1,commercial,low,0.05,1.0,2.4770352840423584,48.48531723022461,95.11167298777919,1114.308591392148,378.3602502945477,0.6519708594148834,100.0,False,"V3_floor,V4_band"
LR_LR_LR_LC_LR,B,1,industrial,low,0.05,0.0,33.729164123535156,48.47285842895508,100.0,601.3742679215665,297.40707445462107,1.0,100.0,True,
LR_LR_LR_LC_LR,B,1,industrial,low,0.05,0.25,33.91151428222656,48.4754638671875,100.0,595.1409430891403,332.81201212756025,0.9265621553919855,100.0,True,
LR_LR_LR_LC_LR,B,1,industrial,low,0.05,0.5,27.880468368530273,48.47830581665039,100.0,722.4696021045196,385.78201897323646,0.8423638783730281,100.0,True,
LR_LR_LR_LC_LR,B,1,industrial,low,0.05,0.75,13.610079765319824,48.48124313354492,100.0,961.5232493813004,463.300547364571,0.749645062115347,100.0,True,
LR_LR_LR_LC_LR,B,1,industrial,low,0.05,1.0,-12.833719253540039,48.484127044677734,85.89338390223345,1291.3144558093538,574.0327122613281,0.6519708594148834,100.0,False,"V3_floor,V4_band"
LR_LR_LR_LC_LR,C,1,mixed,low,0.05,0.0,32.45646667480469,48.47380447387695,100.0,631.1445351726371,303.9593425845678,1.0,100.0,True,
LR_LR_LR_LC_LR,C,1,mixed,low,0.05,0.25,33.067325592041016,48.47572708129883,100.0,615.633479757614,306.6581295802276,0.9265621553919855,100.0,True,
LR_LR_LR_LC_LR,C,1,mixed,low,0.05,0.5,33.75751495361328,48.47830581665039,100.0,597.6251795426433,309.25988991460315,0.8423638783730281,100.0,True,
LR_LR_LR_LC_LR,C,1,mixed,low,0.05,0.75,33.469322204589844,48.48124313354492,100.0,593.8678861640321,311.5959577732508,0.749645062115347,100.0,True,
LR_LR_LR_LC_LR,C,1,mixed,low,0.05,1.0,30.729461669921875,48.484127044677734,100.0,626.7684691048854,313.5015866805174,0.6519708594148834,100.0,True,
LR_LR_LR_LC_LR,C,1,commercial,low,0.05,0.0,32.515525817871094,48.4752082824707,100.0,629.8686127482765,303.4006540414565,1.0,100.0,True,
LR_LR_LR_LC_LR,C,1,commercial,low,0.05,0.25,33.08675003051758,48.477012634277344,100.0,615.206164310308,308.57041464532614,0.9265621553919855,100.0,True,
LR_LR_LR_LC_LR,C,1,commercial,low,0.05,0.5,33.24886703491211,48.47901916503906,100.0,603.722071623847,314.4976845392581,0.8423638783730281,100.0,True,
LR_LR_LR_LC_LR,C,1,commercial,low,0.05,0.75,30.09640121459961,48.48124313354492,100.0,648.7467502248654,321.0247836712637,0.749645062115347,100.0,True,
LR_LR_LR_LC_LR,C,1,commercial,low,0.05,1.0,25.486408233642578,48.484127044677734,100.0,728.9389890988124,327.9007368293984,0.6519708594148834,100.0,True,
LR_LR_LR_LC_LR,C,1,industrial,low,0.05,0.0,32.5781364440918,48.47285842895508,100.0,628.5135518804631,303.3079484533693,1.0,100.0,True,
LR_LR_LR_LC_LR,C,1,industrial,low,0.05,0.25,33.074188232421875,48.4754638671875,100.0,615.483176925838,314.6928581071753,0.9265621553919855,100.0,True,
LR_LR_LR_LC_LR,C,1,industrial,low,0.05,0.5,32.51539611816406,48.47830581665039,100.0,625.951835840893,331.9549294843891,0.8423638783730281,100.0,True,
LR_LR_LR_LC_LR,C,1,industrial,low,0.05,0.75,29.7887020111084,48.48124313354492,100.0,671.1115804924157,357.48889324143664,0.749645062115347,100.0,True,
LR_LR_LR_LC_LR,C,1,industrial,low,0.05,1.0,21.782196044921875,48.484127044677734,100.0,794.1107381561138,394.27315345207535,0.6519708594148834,100.0,True,
LR_LR_LR_LC_LR,D,1,mixed,low,0.05,0.0,31.627138137817383,48.47285842895508,100.0,648.1216125594025,305.0924888875586,1.0,100.0,True,
LR_LR_LR_LC_LR,D,1,mixed,low,0.05,0.25,32.834774017333984,48.4754638671875,100.0,620.9496152081134,299.11699705879863,0.9265621553919855,100.0,True,
LR_LR_LR_LC_LR,D,1,mixed,low,0.05,0.5,33.926483154296875,48.47830581665039,100.0,594.241101616169,291.3385369151197,0.8423638783730281,100.0,True,
LR_LR_LR_LC_LR,D,1,mixed,low,0.05,0.75,34.917335510253906,48.48124313354492,100.0,568.7691170404199,281.77675280436233,0.749645062115347,100.0,True,
LR_LR_LR_LC_LR,D,1,mixed,low,0.05,1.0,35.787567138671875,48.484127044677734,100.0,541.4648881157025,270.6582192816334,0.6519708594148834,100.0,True,
LR_LR_LR_LC_LR,D,1,commercial,low,0.05,0.0,32.32985305786133,48.47285842895508,100.0,634.0247112146386,304.04562163535223,1.0,100.0,True,
LR_LR_LR_LC_LR,D,1,commercial,low,0.05,0.25,33.052207946777344,48.4754638671875,100.0,616.1692176836193,302.72463408103596,0.9265621553919855,100.0,True,
LR_LR_LR_LC_LR,D,1,commercial,low,0.05,0.5,33.854736328125,48.47830581665039,100.0,595.7014617972831,301.2100374151973,0.8423638783730281,100.0,True,
LR_LR_LR_LC_LR,D,1,commercial,low,0.05,0.75,34.646888732910156,48.48124313354492,100.0,574.8348256153961,299.5421223765604,0.749645062115347,100.0,True,
LR_LR_LR_LC_LR,D,1,commercial,low,0.05,1.0,34.696128845214844,48.484127044677734,100.0,559.0749040628089,297.78502497299485,0.6519708594148834,100.0,True,
LR_LR_LR_LC_LR,D,1,industrial,low,0.05,0.0,32.44956970214844,48.47285842895508,100.0,631.6794751518711,304.0003888680083,1.0,100.0,True,
LR_LR_LR_LC_LR,D,1,industrial,low,0.05,0.25,32.96290588378906,48.4754638671875,100.0,618.5798953310399,314.4662640080291,0.9265621553919855,100.0,True,
LR_LR_LR_LC_LR,D,1,industrial,low,0.05,0.5,31.641775131225586,48.47830581665039,100.0,639.7496460952317,334.4243795828549,0.8423638783730281,100.0,True,
LR_LR_LR_LC_LR,D,1,industrial,low,0.05,0.75,28.620737075805664,48.48124313354492,100.0,689.3028546201756,368.74028617682256,0.749645062115347,100.0,True,
LR_LR_LR_LC_LR,D,1,industrial,low,0.05,1.0,22.576892852783203,48.484127044677734,100.0,781.2605578136044,423.58281247624404,0.6519708594148834,100.0,True,
LR_LR_LR_LC_LR,E,1,mixed,low,0.05,0.0,33.74458694458008,48.479209899902344,100.0,606.3926027217542,300.6092323062215,1.0,100.0,True,
LR_LR_LR_LC_LR,E,1,mixed,low,0.05,0.25,33.981651306152344,48.479923248291016,100.0,596.8110750437228,308.03726706683614,0.9265621553919855,100.0,True,
LR_LR_LR_LC_LR,E,1,mixed,low,0.05,0.5,30.67296600341797,48.48088073730469,100.0,618.0238590535475,315.4332314720181,0.8423638783730281,100.0,True,
LR_LR_LR_LC_LR,E,1,mixed,low,0.05,0.75,26.736679077148438,48.48208236694336,100.0,682.9680006422263,322.3741006232293,0.749645062115347,100.0,True,
LR_LR_LR_LC_LR,E,1,mixed,low,0.05,1.0,22.502031326293945,48.484127044677734,100.0,745.9160467546257,328.4225277264721,0.6519708594148834,100.0,True,
LR_LR_LR_LC_LR,E,1,commercial,low,0.05,0.0,33.88618087768555,48.48196792602539,100.0,603.5458790091105,299.3382969061578,1.0,100.0,True,
LR_LR_LR_LC_LR,E,1,commercial,low,0.05,0.25,30.310529708862305,48.482513427734375,100.0,625.5212489401132,312.388242718379,0.9265621553919855,100.0,True,
LR_LR_LR_LC_LR,E,1,commercial,low,0.05,0.5,23.44498634338379,48.483123779296875,100.0,734.3941619658725,327.3503228335875,0.8423638783730281,100.0,True,
LR_LR_LR_LC_LR,E,1,commercial,low,0.05,0.75,14.585466384887695,48.483787536621094,100.0,855.8686615236503,343.8265059310923,0.749645062115347,100.0,True,
LR_LR_LR_LC_LR,E,1,commercial,low,0.05,1.0,3.924854278564453,48.48447036743164,97.63660626492485,985.4873578765526,361.1832611143167,0.6519708594148834,100.0,False,"V3_floor,V4_band"
LR_LR_LR_LC_LR,E,1,industrial,low,0.05,0.0,33.95002746582031,48.47285842895508,100.0,600.8175671026293,299.5563437962059,1.0,100.0,True,
LR_LR_LR_LC_LR,E,1,industrial,low,0.05,0.25,34.02633285522461,48.4754638671875,100.0,597.5772643891431,327.0108788704278,0.9265621553919855,100.0,True,
LR_LR_LR_LC_LR,E,1,industrial,low,0.05,0.5,28.060434341430664,48.47830581665039,100.0,673.5775916547774,368.16674802332994,0.8423638783730281,100.0,True,
LR_LR_LR_LC_LR,E,1,industrial,low,0.05,0.75,14.627057075500488,48.48124313354492,100.0,857.647505833691,428.49174351663396,0.749645062115347,100.0,True,
LR_LR_LR_LC_LR,E,1,industrial,low,0.05,1.0,-8.662941932678223,48.484127044677734,91.11708105070937,1122.0239417998596,514.7728062487204,0.6519708594148834,100.0,False,"V3_floor,V4_band"
LR_LR_LR_LC_LR,A+D,2,mixed,low,0.05,0.0,32.11972427368164,48.47285842895508,100.0,635.0312246041677,304.1641254847556,1.0,100.0,True,
LR_LR_LR_LC_LR,A+D,2,mixed,low,0.05,0.25,33.09438705444336,48.4754638671875,100.0,614.5510399014465,300.03121320408883,0.9265621553919855,100.0,True,
LR_LR_LR_LC_LR,A+D,2,mixed,low,0.05,0.5,33.976200103759766,48.47830581665039,100.0,592.9095112846244,294.1167480625494,0.8423638783730281,100.0,True,
LR_LR_LR_LC_LR,A+D,2,mixed,low,0.05,0.75,34.92658233642578,48.48124313354492,100.0,568.5122235928164,286.3405803011167,0.749645062115347,100.0,True,
LR_LR_LR_LC_LR,A+D,2,mixed,low,0.05,1.0,35.69853591918945,48.484127044677734,100.0,542.215895493206,276.82280023440774,0.6519708594148834,100.0,True,
LR_LR_LR_LC_LR,A+D,2,commercial,low,0.05,0.0,32.49006271362305,48.47285842895508,100.0,629.9568016267859,302.82764992428366,1.0,100.0,True,
LR_LR_LR_LC_LR,A+D,2,commercial,low,0.05,0.25,33.15227127075195,48.4754638671875,100.0,613.5683409379659,304.5946299294087,0.9265621553919855,100.0,True,
LR_LR_LR_LC_LR,A+D,2,commercial,low,0.05,0.5,33.78501510620117,48.47830581665039,100.0,597.8005425920556,306.6205512974216,0.8423638783730281,100.0,True,
LR_LR_LR_LC_LR,A+D,2,commercial,low,0.05,0.75,33.68070602416992,48.48124313354492,100.0,594.6909233721645,308.8515199243268,0.749645062115347,100.0,True,
LR_LR_LR_LC_LR,A+D,2,commercial,low,0.05,1.0,31.14102554321289,48.484127044677734,100.0,634.680177122639,311.2017500918273,0.6519708594148834,100.0,True,
LR_LR_LR_LC_LR,A+D,2,industrial,low,0.05,0.0,32.63640213012695,48.47285842895508,100.0,626.9183992989438,302.74083276999886,1.0,100.0,True,
LR_LR_LR_LC_LR,A+D,2,industrial,low,0.05,0.25,33.10373306274414,48.4754638671875,100.0,614.569823375249,319.4314038955736,0.9265621553919855,100.0,True,
LR_LR_LR_LC_LR,A+D,2,industrial,low,0.05,0.5,30.993900299072266,48.47830581665039,100.0,654.1911222144869,348.6501023744317,0.8423638783730281,100.0,True,
LR_LR_LR_LC_LR,A+D,2,industrial,low,0.05,0.75,26.57579231262207,48.48124313354492,100.0,734.6334527087348,396.45619276991255,0.749645062115347,100.0,True,
LR_LR_LR_LC_LR,A+D,2,industrial,low,0.05,1.0,18.12227439880371,48.484127044677734,100.0,869.8827747498349,470.4980718870427,0.6519708594148834,100.0,True,
LR_LR_LR_LC_LR,A+B+C+D+E,5,mixed,low,0.05,0.0,29.434520721435547,48.491764068603516,100.0,687.3002485058516,291.2482264250582,1.0,100.0,True,
LR_LR_LR_LC_LR,A+B+C+D+E,5,mixed,low,0.05,0.25,25.044822692871094,48.4898681640625,100.0,768.6709023448142,309.8761912789249,0.9265621553919855,100.0,True,
LR_LR_LR_LC_LR,A+B+C+D+E,5,mixed,low,0.05,0.5,20.642112731933594,48.48796463012695,100.0,843.4949266298097,327.0021897604848,0.8423638783730281,100.0,True,
LR_LR_LR_LC_LR,A+B+C+D+E,5,mixed,low,0.05,0.75,16.695575714111328,48.48625946044922,100.0,906.051392019196,341.3160933982978,0.749645062115347,100.0,True,
LR_LR_LR_LC_LR,A+B+C+D+E,5,mixed,low,0.05,1.0,13.703608512878418,48.48496627807617,100.0,951.1245269948824,351.62375494821055,0.6519708594148834,100.0,True,
LR_LR_LR_LC_LR,A+B+C+D+E,5,commercial,low,0.05,0.0,21.34928321838379,48.49740219116211,100.0,832.0592372747216,286.42970122592976,1.0,100.0,True,
LR_LR_LR_LC_LR,A+B+C+D+E,5,commercial,low,0.05,0.25,6.772843360900879,48.49600601196289,97.61553588987218,1049.386684416861,326.28426503342365,0.9265621553919855,100.0,False,V4_band
LR_LR_LR_LC_LR,A+B+C+D+E,5,industrial,low,0.05,0.0,33.95002746582031,48.47285842895508,100.0,597.9794919405327,286.4158875942632,1.0,100.0,True,
LR_LR_LR_LC_LR,A+B+C+D+E,5,industrial,low,0.05,0.25,31.823383331298828,48.4754638671875,100.0,639.9375806806695,380.14787333360636,0.9265621553919855,100.0,True,
LR_LR_LR_LC_LR,A+B+C+D+E,5,industrial,low,0.05,0.5,9.425786972045898,48.47830581665039,99.40476190476191,1013.4558070907511,523.9613847266104,0.8423638783730281,100.0,True,
LR_LR_LR_LC_LR,A+B+C+D+E,5,industrial,low,0.05,0.75,-39.50525665283203,48.48124313354492,77.0087090883551,1571.100876383907,738.6763506631611,0.749645062115347,100.0,False,"V3_floor,V4_band"
LC_LC_LC_LC_LC,A,1,mixed,low,0.05,0.0,21.773252487182617,48.49750518798828,100.0,823.5055851452602,292.49504227012136,1.0,100.0,True,
LC_LC_LC_LC_LC,A,1,mixed,low,0.05,0.25,21.992570877075195,48.49750518798828,100.0,819.8162540248966,291.44766016073015,0.7347108491238457,100.0,True,
LC_LC_LC_LC_LC,A,1,mixed,low,0.05,0.5,22.08588218688965,48.49750518798828,100.0,819.3825632118178,290.5188624655624,0.5398000318202821,100.0,True,
LC_LC_LC_LC_LC,A,1,mixed,low,0.05,0.75,22.104782104492188,48.49750518798828,100.0,818.9978592755475,289.6952240167676,0.3965969397357584,100.0,True,
LC_LC_LC_LC_LC,A,1,mixed,low,0.05,1.0,22.12154197692871,48.49750518798828,100.0,818.6566030559521,288.9648394806374,0.29138407435317765,100.0,True,
LC_LC_LC_LC_LC,A,1,commercial,low,0.05,0.0,21.34928321838379,48.49750518798828,100.0,832.0592372747216,292.20543396185576,1.0,100.0,True,
LC_LC_LC_LC_LC,A,1,commercial,low,0.05,0.25,21.34928321838379,48.49750518798828,100.0,832.0592372747216,292.2054339618558,0.7347108491238457,100.0,True,
LC_LC_LC_LC_LC,A,1,commercial,low,0.05,0.5,21.34928321838379,48.49750518798828,100.0,832.0592372747216,292.2054339618558,0.5398000318202821,100.0,True,
LC_LC_LC_LC_LC,A,1,commercial,low,0.05,0.75,21.34928321838379,48.49750518798828,100.0,832.0592372747216,292.2054339618558,0.3965969397357584,100.0,True,
LC_LC_LC_LC_LC,A,1,commercial,low,0.05,1.0,21.34928321838379,48.49750518798828,100.0,832.0592372747216,292.2054339618558,0.29138407435317765,100.0,True,
LC_LC_LC_LC_LC,A,1,industrial,low,0.05,0.0,22.131916046142578,48.49750518798828,100.0,818.4452949027637,292.1638495749148,1.0,100.0,True,
LC_LC_LC_LC_LC,A,1,industrial,low,0.05,0.25,22.097963333129883,48.49750518798828,100.0,819.1366630218239,294.6601194541609,0.7347108491238457,100.0,True,
LC_LC_LC_LC_LC,A,1,industrial,low,0.05,0.5,21.82895851135254,48.49750518798828,100.0,822.3760523671833,297.8550529813431,0.5398000318202821,100.0,True,
LC_LC_LC_LC_LC,A,1,industrial,low,0.05,0.75,21.29844093322754,48.49750518798828,100.0,833.0800001548092,301.9441886048347,0.3965969397357584,100.0,True,
LC_LC_LC_LC_LC,A,1,industrial,low,0.05,1.0,20.610994338989258,48.49750518798828,100.0,846.778281200323,307.177790338941,0.29138407435317765,100.0,True,
LC_LC_LC_LC_LC,B,1,mixed,low,0.05,0.0,22.37059211730957,48.49750518798828,100.0,814.3444648061167,292.0758390187417,1.0,100.0,True,
LC_LC_LC_LC_LC,B,1,mixed,low,0.05,0.25,22.52187728881836,48.49750518798828,100.0,811.5201374596148,285.99774733435436,0.7347108491238457,100.0,True,
LC_LC_LC_LC_LC,B,1,mixed,low,0.05,0.5,22.65566062927246,48.49750518798828,100.0,809.0155115251268,280.6077319220896,0.5398000318202821,100.0,True,
LC_LC_LC_LC_LC,B,1,mixed,low,0.05,0.75,22.773996353149414,48.49750518798828,100.0,806.7943969833816,275.82789926231595,0.3965969397357584,100.0,True,
LC_LC_LC_LC_LC,B,1,mixed,low,0.05,1.0,22.87870216369629,48.49750518798828,100.0,804.8247005761866,271.58917370581213,0.29138407435317765,100.0,True,
LC_LC_LC_LC_LC,B,1,commercial,low,0.05,0.0,21.34928321838379,48.49750518798828,100.0,832.0592372747216,290.42341332326,1.0,100.0,True,
LC_LC_LC_LC_LC,B,1,commercial,low,0.05,0.25,21.34928321838379,48.49750518798828,100.0,832.0592372747216,290.42341332326,0.7347108491238457,100.0,True,
LC_LC_LC_LC_LC,B,1,commercial,low,0.05,0.5,21.34928321838379,48.49750518798828,100.0,832.0592372747216,290.42341332326,0.5398000318202821,100.0,True,
LC_LC_LC_LC_LC,B,1,commercial,low,0.05,0.75,21.34928321838379,48.49750518798828,100.0,832.0592372747216,290.42341332326004,0.3965969397357584,100.0,True,
LC_LC_LC_LC_LC,B,1,commercial,low,0.05,1.0,21.34928321838379,48.49750518798828,100.0,832.0592372747216,290.42341332326,0.29138407435317765,100.0,True,
LC_LC_LC_LC_LC,B,1,industrial,low,0.05,0.0,22.929000854492188,48.49750518798828,100.0,803.8759505928772,290.3710755439175,1.0,100.0,True,
LC_LC_LC_LC_LC,B,1,industrial,low,0.05,0.25,22.71347999572754,48.49750518798828,100.0,807.929609512569,304.9201498086918,0.7347108491238457,100.0,True,
LC_LC_LC_LC_LC,B,1,industrial,low,0.05,0.5,22.43626594543457,48.49750518798828,100.0,813.1177655169305,323.5410715691763,0.5398000318202821,100.0,True,
LC_LC_LC_LC_LC,B,1,industrial,low,0.05,0.75,21.297204971313477,48.49750518798828,100.0,833.7891250955568,347.3734236863387,0.3965969397357584,100.0,True,
LC_LC_LC_LC_LC,B,1,industrial,low,0.05,1.0,16.76692008972168,48.49750518798828,100.0,913.2508683799209,377.87572205187837,0.29138407435317765,100.0,True,
LC_LC_LC_LC_LC,C,1,mixed,low,0.05,0.0,22.245878219604492,48.49750518798828,100.0,817.1234511411354,292.3278316971368,1.0,100.0,True,
LC_LC_LC_LC_LC,C,1,mixed,low,0.05,0.25,22.302993774414062,48.49750518798828,100.0,816.1377794417356,290.25281260224966,0.7347108491238457,100.0,True,
LC_LC_LC_LC_LC,C,1,mixed,low,0.05,0.5,22.353586196899414,48.49750518798828,100.0,815.2637385548071,288.41269580332164,0.5398000318202821,100.0,True,
LC_LC_LC_LC_LC,C,1,mixed,low,0.05,0.75,22.398408889770508,48.49750518798828,100.0,814.4886886039187,286.78088937031623,0.3965969397357584,100.0,True,
LC_LC_LC_LC_LC,C,1,mixed,low,0.05,1.0,22.438119888305664,48.49750518798828,100.0,813.8014207585945,285.33381168261593,0.29138407435317765,100.0,True,
LC_LC_LC_LC_LC,C,1,commercial,low,0.05,0.0,21.34928321838379,48.49750518798828,100.0,832.0592372747216,291.7691431540255,1.0,100.0,True,
LC_LC_LC_LC_LC,C,1,commercial,low,0.05,0.25,21.34928321838379,48.49750518798828,100.0,832.0592372747216,291.7691431540256,0.7347108491238457,100.0,True,
LC_LC_LC_LC_LC,C,1,commercial,low,0.05,0.5,21.34928321838379,48.49750518798828,100.0,832.0592372747216,291.7691431540256,0.5398000318202821,100.0,True,
LC_LC_LC_LC_LC,C,1,commercial,low,0.05,0.75,21.34928321838379,48.49750518798828,100.0,832.0592372747216,291.7691431540256,0.3965969397357584,100.0,True,
LC_LC_LC_LC_LC,C,1,commercial,low,0.05,1.0,21.34928321838379,48.49750518798828,100.0,832.0592372747216,291.7691431540256,0.29138407435317765,100.0,True,
LC_LC_LC_LC_LC,C,1,industrial,low,0.05,0.0,22.463220596313477,48.49750518798828,100.0,813.3669845849088,291.6764375659383,1.0,100.0,True,
LC_LC_LC_LC_LC,C,1,industrial,low,0.05,0.25,22.383230209350586,48.49750518798828,100.0,814.7515052969311,296.6239853200636,0.7347108491238457,100.0,True,
LC_LC_LC_LC_LC,C,1,industrial,low,0.05,0.5,22.280662536621094,48.49750518798828,100.0,816.5236524518363,302.9561922143165,0.5398000318202821,100.0,True,
LC_LC_LC_LC_LC,C,1,industrial,low,0.05,0.75,21.266542434692383,48.49750518798828,100.0,833.4603551222027,311.0605797026709,0.3965969397357584,100.0,True,
LC_LC_LC_LC_LC,C,1,industrial,low,0.05,1.0,19.65087127685547,48.49750518798828,100.0,860.450336147984,321.43312400067214,0.29138407435317765,100.0,True,
LC_LC_LC_LC_LC,D,1,mixed,low,0.05,0.0,22.3588924407959,48.49750518798828,100.0,815.8647945178386,292.1404881002209,1.0,100.0,True,
LC_LC_LC_LC_LC,D,1,mixed,low,0.05,0.25,22.477758407592773,48.49750518798828,100.0,814.0093753800973,288.2328050738387,0.7347108491238457,100.0,True,
LC_LC_LC_LC_LC,D,1,mixed,low,0.05,0.5,22.58294105529785,48.49750518798828,100.0,812.3640816099597,284.76747695289026,0.5398000318202821,100.0,True,
LC_LC_LC_LC_LC,D,1,mixed,low,0.05,0.75,22.676034927368164,48.49750518798828,100.0,810.9051212981665,281.6944281077321,0.3965969397357584,100.0,True,
LC_LC_LC_LC_LC,D,1,mixed,low,0.05,1.0,22.75844955444336,48.49750518798828,100.0,809.6113961533076,278.9692516166001,0.29138407435317765,100.0,True,
LC_LC_LC_LC_LC,D,1,commercial,low,0.05,0.0,21.34928321838379,48.49750518798828,100.0,832.0592372747216,291.0936208480146,1.0,100.0,True,
LC_LC_LC_LC_LC,D,1,commercial,low,0.05,0.25,21.34928321838379,48.49750518798828,100.0,832.0592372747216,291.0936208480146,0.7347108491238457,100.0,True,
LC_LC_LC_LC_LC,D,1,commercial,low,0.05,0.5,21.34928321838379,48.49750518798828,100.0,832.0592372747216,291.0936208480146,0.5398000318202821,100.0,True,
LC_LC_LC_LC_LC,D,1,commercial,low,0.05,0.75,21.34928321838379,48.49750518798828,100.0,832.0592372747216,291.0936208480146,0.3965969397357584,100.0,True,
LC_LC_LC_LC_LC,D,1,commercial,low,0.05,1.0,21.34928321838379,48.49750518798828,100.0,832.0592372747216,291.0936208480146,0.29138407435317765,100.0,True,
LC_LC_LC_LC_LC,D,1,industrial,low,0.05,0.0,22.796463012695312,48.49750518798828,100.0,809.0165305689663,291.0483880806707,1.0,100.0,True,
LC_LC_LC_LC_LC,D,1,industrial,low,0.05,0.25,22.62653160095215,48.49750518798828,100.0,811.6845305840427,300.4037434379392,0.7347108491238457,100.0,True,
LC_LC_LC_LC_LC,D,1,industrial,low,0.05,0.5,22.408226013183594,48.49750518798828,100.0,815.0993705422478,312.3773420225601,0.5398000318202821,100.0,True,
LC_LC_LC_LC_LC,D,1,industrial,low,0.05,0.75,21.407470703125,48.49750518798828,100.0,831.5560190413097,327.7019431888395,0.3965969397357584,100.0,True,
LC_LC_LC_LC_LC,D,1,industrial,low,0.05,1.0,18.00740623474121,48.49750518798828,100.0,882.190193591685,347.31538168003067,0.29138407435317765,100.0,True,
LC_LC_LC_LC_LC,E,1,mixed,low,0.05,0.0,22.82909393310547,48.49750518798828,100.0,808.4975790277254,292.07903361323605,1.0,100.0,True,
LC_LC_LC_LC_LC,E,1,mixed,low,0.05,0.25,22.994522094726562,48.49750518798828,100.0,806.2742543009002,287.3579645362546,0.7347108491238457,100.0,True,
LC_LC_LC_LC_LC,E,1,mixed,low,0.05,0.5,23.121946334838867,48.49750518798828,100.0,804.3026596912595,283.17133918893126,0.5398000318202821,100.0,True,
LC_LC_LC_LC_LC,E,1,mixed,low,0.05,0.75,23.234668731689453,48.49750518798828,100.0,802.5542960194439,279.45865654156256,0.3965969397357584,100.0,True,
LC_LC_LC_LC_LC,E,1,mixed,low,0.05,1.0,23.279394149780273,48.49750518798828,100.0,801.003890455724,276.1662645004304,0.29138407435317765,100.0,True,
LC_LC_LC_LC_LC,E,1,commercial,low,0.05,0.0,21.34928321838379,48.49750518798828,100.0,832.0592372747216,290.8080982131723,1.0,100.0,True,
LC_LC_LC_LC_LC,E,1,commercial,low,0.05,0.25,21.34928321838379,48.49750518798828,100.0,832.0592372747216,290.80809821317234,0.7347108491238457,100.0,True,
LC_LC_LC_LC_LC,E,1,commercial,low,0.05,0.5,21.34928321838379,48.49750518798828,100.0,832.0592372747216,290.8080982131723,0.5398000318202821,100.0,True,
LC_LC_LC_LC_LC,E,1,commercial,low,0.05,0.75,21.34928321838379,48.49750518798828,100.0,832.0592372747216,290.80809821317234,0.3965969397357584,100.0,True,
LC_LC_LC_LC_LC,E,1,commercial,low,0.05,1.0,21.34928321838379,48.49750518798828,100.0,832.0592372747216,290.80809821317234,0.29138407435317765,100.0,True,
LC_LC_LC_LC_LC,E,1,industrial,low,0.05,0.0,23.279394149780273,48.49750518798828,100.0,800.3916604608178,291.0261451032204,1.0,100.0,True,
LC_LC_LC_LC_LC,E,1,industrial,low,0.05,0.25,23.166196823120117,48.49750518798828,100.0,803.6187636204022,302.4030420477821,0.7347108491238457,100.0,True,
LC_LC_LC_LC_LC,E,1,industrial,low,0.05,0.5,22.89915657043457,48.49750518798828,100.0,807.7491403221799,316.9639627994185,0.5398000318202821,100.0,True,
LC_LC_LC_LC_LC,E,1,industrial,low,0.05,0.75,21.263416290283203,48.49750518798828,100.0,833.799408111659,335.6000125940647,0.3965969397357584,100.0,True,
LC_LC_LC_LC_LC,E,1,industrial,low,0.05,1.0,16.977493286132812,48.49750518798828,100.0,895.5970252614478,359.4516882441676,0.29138407435317765,100.0,True,
LC_LC_LC_LC_LC,A+D,2,mixed,low,0.05,0.0,22.464847564697266,48.49750518798828,100.0,813.6980599475128,292.05542719770267,1.0,100.0,True,
LC_LC_LC_LC_LC,A+D,2,mixed,low,0.05,0.25,22.60733985900879,48.49750518798828,100.0,811.353717302808,287.1003620619292,0.7347108491238457,100.0,True,
LC_LC_LC_LC_LC,A+D,2,mixed,low,0.05,0.5,22.73339080810547,48.49750518798828,100.0,809.2747327195916,282.70623624581305,0.5398000318202821,100.0,True,
LC_LC_LC_LC_LC,A+D,2,mixed,low,0.05,0.75,22.844924926757812,48.49750518798828,100.0,807.431068471528,278.80954895186017,0.3965969397357584,100.0,True,
LC_LC_LC_LC_LC,A+D,2,mixed,low,0.05,1.0,22.943641662597656,48.49750518798828,100.0,805.7960871070737,275.3539879245979,0.29138407435317765,100.0,True,
LC_LC_LC_LC_LC,A+D,2,commercial,low,0.05,0.0,21.34928321838379,48.49750518798828,100.0,832.0592372747216,290.71895163723076,1.0,100.0,True,
LC_LC_LC_LC_LC,A+D,2,commercial,low,0.05,0.25,21.34928321838379,48.49750518798828,100.0,832.0592372747216,290.7189516372308,0.7347108491238457,100.0,True,
LC_LC_LC_LC_LC,A+D,2,commercial,low,0.05,0.5,21.34928321838379,48.49750518798828,100.0,832.0592372747216,290.71895163723076,0.5398000318202821,100.0,True,
LC_LC_LC_LC_LC,A+D,2,commercial,low,0.05,0.75,21.34928321838379,48.49750518798828,100.0,832.0592372747216,290.7189516372308,0.3965969397357584,100.0,True,
LC_LC_LC_LC_LC,A+D,2,commercial,low,0.05,1.0,21.34928321838379,48.49750518798828,100.0,832.0592372747216,290.7189516372308,0.29138407435317765,100.0,True,
LC_LC_LC_LC_LC,A+D,2,industrial,low,0.05,0.0,22.991769790649414,48.49750518798828,100.0,804.9899133695441,290.63213448294584,1.0,100.0,True,
LC_LC_LC_LC_LC,A+D,2,industrial,low,0.05,0.25,22.788816452026367,48.49750518798828,100.0,808.3492815036806,302.4837597194605,0.7347108491238457,100.0,True,
LC_LC_LC_LC_LC,A+D,2,industrial,low,0.05,0.5,22.527952194213867,48.49750518798828,100.0,812.6487536808944,317.65229183126354,0.5398000318202821,100.0,True,
LC_LC_LC_LC_LC,A+D,2,industrial,low,0.05,0.75,21.391191482543945,48.49750518798828,100.0,831.8831527619168,337.06602862103455,0.3965969397357584,100.0,True,
LC_LC_LC_LC_LC,A+D,2,industrial,low,0.05,1.0,17.26636505126953,48.49750518798828,100.0,896.256069485325,361.91306884633207,0.29138407435317765,100.0,True,
LC_LC_LC_LC_LC,A+B+C+D+E,5,mixed,low,0.05,0.0,23.279394149780273,48.49750518798828,100.0,800.3055115365431,290.7978220088984,1.0,100.0,True,
LC_LC_LC_LC_LC,A+B+C+D+E,5,mixed,low,0.05,0.25,23.279394149780273,48.49750518798828,100.0,800.3055115365432,272.96857701686906,0.7347108491238457,100.0,True,
LC_LC_LC_LC_LC,A+B+C+D+E,5,mixed,low,0.05,0.5,23.279394149780273,48.49750518798828,100.0,800.3055115365431,257.1576936422367,0.5398000318202821,100.0,True,
LC_LC_LC_LC_LC,A+B+C+D+E,5,mixed,low,0.05,0.75,23.279394149780273,48.49750518798828,100.0,800.3055115365431,243.13668460813614,0.3965969397357584,100.0,True,
LC_LC_LC_LC_LC,A+B+C+D+E,5,mixed,low,0.05,1.0,23.279394149780273,48.49750518798828,100.0,800.3055115365432,230.70292829553756,0.29138407435317765,100.0,True,
LC_LC_LC_LC_LC,A+B+C+D+E,5,commercial,low,0.05,0.0,21.34928321838379,48.49750518798828,100.0,832.0592372747216,285.9792968097698,1.0,100.0,True,
LC_LC_LC_LC_LC,A+B+C+D+E,5,commercial,low,0.05,0.25,21.34928321838379,48.49750518798828,100.0,832.0592372747216,285.9792968097698,0.7347108491238457,100.0,True,
LC_LC_LC_LC_LC,A+B+C+D+E,5,commercial,low,0.05,0.5,21.34928321838379,48.49750518798828,100.0,832.0592372747216,285.9792968097698,0.5398000318202821,100.0,True,
LC_LC_LC_LC_LC,A+B+C+D+E,5,commercial,low,0.05,0.75,21.34928321838379,48.49750518798828,100.0,832.0592372747216,285.97929680976983,0.3965969397357584,100.0,True,
LC_LC_LC_LC_LC,A+B+C+D+E,5,commercial,low,0.05,1.0,21.34928321838379,48.49750518798828,100.0,832.0592372747216,285.9792968097698,0.29138407435317765,100.0,True,
LC_LC_LC_LC_LC,A+B+C+D+E,5,industrial,low,0.05,0.0,23.279394149780273,48.49750518798828,100.0,800.3055115365431,285.9654831781033,1.0,100.0,True,
LC_LC_LC_LC_LC,A+B+C+D+E,5,industrial,low,0.05,0.25,23.279394149780273,48.49750518798828,100.0,800.3055115365432,328.6906273780792,0.7347108491238457,100.0,True,
LC_LC_LC_LC_LC,A+B+C+D+E,5,industrial,low,0.05,0.5,23.279394149780273,48.49750518798828,100.0,800.3055115365431,383.3732088962561,0.5398000318202821,100.0,True,
LC_LC_LC_LC_LC,A+B+C+D+E,5,industrial,low,0.05,0.75,21.433292388916016,48.49750518798828,100.0,831.2005237753333,453.35973508618997,0.3965969397357584,100.0,True,
LC_LC_LC_LC_LC,A+B+C+D+E,5,industrial,low,0.05,1.0,5.75372314453125,48.49750518798828,95.49971906166597,1063.8185223981075,542.9332936251312,0.29138407435317765,100.0,False,V4_band
LI_LI_LI_LI_LI,A,1,mixed,low,0.05,0.0,41.128440856933594,47.25292205810547,100.0,415.00303172568414,281.83192801043293,1.0,100.0,True,
LI_LI_LI_LI_LI,A,1,mixed,low,0.05,0.25,41.476417541503906,47.25576400756836,100.0,402.19132162102056,278.9904534325003,0.5740521579972074,100.0,True,
LI_LI_LI_LI_LI,A,1,mixed,low,0.05,0.5,41.71200180053711,47.25773239135742,100.0,393.3164801576522,277.02177353280837,0.32953588010125084,100.0,True,
LI_LI_LI_LI_LI,A,1,mixed,low,0.05,0.75,41.74833297729492,47.25909423828125,100.0,392.10179331684355,275.65781585534324,0.18917078310963212,100.0,True,
LI_LI_LI_LI_LI,A,1,mixed,low,0.05,1.0,41.75994110107422,47.260040283203125,100.0,391.6589799772322,274.71284150248147,0.108593896274106,100.0,True,
LI_LI_LI_LI_LI,A,1,commercial,low,0.05,0.0,40.8955192565918,47.25724411010742,100.0,423.3935454787969,281.5423197021674,1.0,100.0,True,
LI_LI_LI_LI_LI,A,1,commercial,low,0.05,0.25,41.198917388916016,47.25831985473633,100.0,412.43574427649617,279.5824271307304,0.5740521579972074,100.0,True,
LI_LI_LI_LI_LI,A,1,commercial,low,0.05,0.5,41.431209564208984,47.259159088134766,100.0,403.87526708171595,278.05117413088476,0.32953588010125084,100.0,True,
LI_LI_LI_LI_LI,A,1,commercial,low,0.05,0.75,41.60979080200195,47.25981521606445,100.0,397.1877551900886,276.8548221218179,0.18917078310963212,100.0,True,
LI_LI_LI_LI_LI,A,1,commercial,low,0.05,1.0,41.73460388183594,47.26033401489258,100.0,392.62512593277216,275.92013123077186,0.108593896274106,100.0,True,
LI_LI_LI_LI_LI,A,1,industrial,low,0.05,0.0,41.628509521484375,47.15224075317383,100.0,396.48107951193566,281.5007353152264,1.0,100.0,True,
LI_LI_LI_LI_LI,A,1,industrial,low,0.05,0.25,41.628509521484375,47.15224075317383,100.0,396.48107951193566,281.5007353152264,0.5740521579972074,100.0,True,
LI_LI_LI_LI_LI,A,1,industrial,low,0.05,0.5,41.628509521484375,47.15224075317383,100.0,396.48107951193555,281.5007353152264,0.32953588010125084,100.0,True,
LI_LI_LI_LI_LI,A,1,industrial,low,0.05,0.75,41.628509521484375,47.15224075317383,100.0,396.4810795119357,281.50073531522645,0.18917078310963212,100.0,True,
LI_LI_LI_LI_LI,A,1,industrial,low,0.05,1.0,41.628509521484375,47.15224075317383,100.0,396.48107951193566,281.5007353152264,0.108593896274106,100.0,True,
LI_LI_LI_LI_LI,B,1,mixed,low,0.05,0.0,38.458213806152344,47.829158782958984,100.0,495.0167913795033,282.84508084241264,1.0,100.0,True,
LI_LI_LI_LI_LI,B,1,mixed,low,0.05,0.25,40.83684539794922,47.841453552246094,100.0,423.0542112693625,266.35539410486905,0.5740521579972074,100.0,True,
LI_LI_LI_LI_LI,B,1,mixed,low,0.05,0.5,41.775211334228516,47.84991455078125,100.0,391.265684709356,254.93010726686836,0.32953588010125084,100.0,True,
LI_LI_LI_LI_LI,B,1,mixed,low,0.05,0.75,41.82434844970703,47.85574722290039,100.0,390.30100564464533,247.0138302960998,0.18917078310963212,100.0,True,
LI_LI_LI_LI_LI,B,1,mixed,low,0.05,1.0,41.82434844970703,47.859771728515625,100.0,390.30100564464533,241.5288655305218,0.108593896274106,100.0,True,
LI_LI_LI_LI_LI,B,1,commercial,low,0.05,0.0,36.465267181396484,47.84779739379883,100.0,544.7082128954646,281.19265514693086,1.0,100.0,True,
LI_LI_LI_LI_LI,B,1,commercial,low,0.05,0.25,38.89198303222656,47.852420806884766,100.0,482.6092842517144,269.8132444636145,0.5740521579972074,100.0,True,
LI_LI_LI_LI_LI,B,1,commercial,low,0.05,0.5,40.49373245239258,47.856021881103516,100.0,434.08546208179627,260.922220594807,0.32953588010125084,100.0,True,
LI_LI_LI_LI_LI,B,1,commercial,low,0.05,0.75,41.64091110229492,47.858829498291016,100.0,396.16875457251814,253.97544291041385,0.18917078310963212,100.0,True,
LI_LI_LI_LI_LI,B,1,commercial,low,0.05,1.0,41.79438781738281,47.86102294921875,100.0,390.5976852578802,248.54775841803755,0.108593896274106,100.0,True,
LI_LI_LI_LI_LI,B,1,industrial,low,0.05,0.0,41.628509521484375,47.15224075317383,100.0,396.48107951193566,281.14031736758835,1.0,100.0,True,
LI_LI_LI_LI_LI,B,1,industrial,low,0.05,0.25,41.628509521484375,47.15224075317383,100.0,396.48107951193566,281.14031736758835,0.5740521579972074,100.0,True,
LI_LI_LI_LI_LI,B,1,industrial,low,0.05,0.5,41.628509521484375,47.15224075317383,100.0,396.4810795119356,281.14031736758835,0.32953588010125084,100.0,True,
LI_LI_LI_LI_LI,B,1,industrial,low,0.05,0.75,41.628509521484375,47.15224075317383,100.0,396.4810795119357,281.14031736758847,0.18917078310963212,100.0,True,
LI_LI_LI_LI_LI,B,1,industrial,low,0.05,1.0,41.628509521484375,47.15224075317383,100.0,396.48107951193566,281.14031736758835,0.108593896274106,100.0,True,
LI_LI_LI_LI_LI,C,1,mixed,low,0.05,0.0,40.51327133178711,47.3782958984375,100.0,430.74209742411546,282.0273448880486,1.0,100.0,True,
LI_LI_LI_LI_LI,C,1,mixed,low,0.05,0.25,41.32437515258789,47.3836784362793,100.0,406.0816632838015,276.39787151999514,0.5740521579972074,100.0,True,
LI_LI_LI_LI_LI,C,1,mixed,low,0.05,0.5,41.76112747192383,47.38739776611328,100.0,391.8670847885078,272.49733533972847,0.32953588010125084,100.0,True,
LI_LI_LI_LI_LI,C,1,mixed,low,0.05,0.75,41.800865173339844,47.389976501464844,100.0,390.58390707788203,269.7947439829446,0.18917078310963212,100.0,True,
LI_LI_LI_LI_LI,C,1,mixed,low,0.05,1.0,41.82434844970703,47.391761779785156,100.0,390.30100564464533,267.92218333318215,0.108593896274106,100.0,True,
LI_LI_LI_LI_LI,C,1,commercial,low,0.05,0.0,39.93104934692383,47.3864631652832,100.0,447.6850408773537,281.46865634493736,1.0,100.0,True,
LI_LI_LI_LI_LI,C,1,commercial,low,0.05,0.25,40.65847396850586,47.38850784301758,100.0,426.4237461977068,277.5826250754239,0.5740521579972074,100.0,True,
LI_LI_LI_LI_LI,C,1,commercial,low,0.05,0.5,41.204551696777344,47.39009475708008,100.0,409.8099432071176,274.54635973867215,0.32953588010125084,100.0,True,
LI_LI_LI_LI_LI,C,1,commercial,low,0.05,0.75,41.61750411987305,47.39133834838867,100.0,396.8275655553699,272.17404143895567,0.18917078310963212,100.0,True,
LI_LI_LI_LI_LI,C,1,commercial,low,0.05,1.0,41.76880645751953,47.392311096191406,100.0,391.61942427846174,270.3204843028659,0.108593896274106,100.0,True,
LI_LI_LI_LI_LI,C,1,industrial,low,0.05,0.0,41.628509521484375,47.15224075317383,100.0,396.48107951193566,281.37595075685016,1.0,100.0,True,
LI_LI_LI_LI_LI,C,1,industrial,low,0.05,0.25,41.628509521484375,47.15224075317383,100.0,396.48107951193566,281.37595075685016,0.5740521579972074,100.0,True,
LI_LI_LI_LI_LI,C,1,industrial,low,0.05,0.5,41.628509521484375,47.15224075317383,100.0,396.48107951193555,281.3759507568501,0.32953588010125084,100.0,True,
LI_LI_LI_LI_LI,C,1,industrial,low,0.05,0.75,41.628509521484375,47.15224075317383,100.0,396.4810795119357,281.37595075685016,0.18917078310963212,100.0,True,
LI_LI_LI_LI_LI,C,1,industrial,low,0.05,1.0,41.628509521484375,47.15224075317383,100.0,396.48107951193566,281.37595075685016,0.108593896274106,100.0,True,
LI_LI_LI_LI_LI,D,1,mixed,low,0.05,0.0,39.12692642211914,47.59870147705078,100.0,462.9095749879322,282.17097198219983,1.0,100.0,True,
LI_LI_LI_LI_LI,D,1,mixed,low,0.05,0.25,40.93678665161133,47.60752487182617,100.0,415.95607122680747,271.5694875960574,0.5740521579972074,100.0,True,
LI_LI_LI_LI_LI,D,1,mixed,low,0.05,0.5,41.82434844970703,47.61361312866211,100.0,390.3010056446453,264.2238546599724,0.32953588010125084,100.0,True,
LI_LI_LI_LI_LI,D,1,mixed,low,0.05,0.75,41.82434844970703,47.617820739746094,100.0,390.30100564464533,259.13415087874137,0.18917078310963212,100.0,True,
LI_LI_LI_LI_LI,D,1,mixed,low,0.05,1.0,41.82434844970703,47.62073516845703,100.0,390.30100564464533,255.60754700090834,0.108593896274106,100.0,True,
LI_LI_LI_LI_LI,D,1,commercial,low,0.05,0.0,37.82602310180664,47.61197280883789,100.0,494.36015217115875,281.1241047299935,1.0,100.0,True,
LI_LI_LI_LI_LI,D,1,commercial,low,0.05,0.25,39.49063491821289,47.61532974243164,100.0,454.05705389496507,273.80488610969394,0.5740521579972074,100.0,True,
LI_LI_LI_LI_LI,D,1,commercial,low,0.05,0.5,40.69498825073242,47.61794662475586,100.0,422.562329734304,268.08610790596396,0.32953588010125084,100.0,True,
LI_LI_LI_LI_LI,D,1,commercial,low,0.05,0.75,41.577781677246094,47.6199951171875,100.0,397.9504015289853,263.6178085208754,0.18917078310963212,100.0,True,
LI_LI_LI_LI_LI,D,1,commercial,low,0.05,1.0,41.82434844970703,47.62158966064453,100.0,390.30100564464533,260.12655156207546,0.108593896274106,100.0,True,
LI_LI_LI_LI_LI,D,1,industrial,low,0.05,0.0,41.628509521484375,47.15224075317383,100.0,396.48107951193566,281.0788719626496,1.0,100.0,True,
LI_LI_LI_LI_LI,D,1,industrial,low,0.05,0.25,41.628509521484375,47.15224075317383,100.0,396.48107951193566,281.0788719626496,0.5740521579972074,100.0,True,
LI_LI_LI_LI_LI,D,1,industrial,low,0.05,0.5,41.628509521484375,47.15224075317383,100.0,396.48107951193555,281.0788719626496,0.32953588010125084,100.0,True,
LI_LI_LI_LI_LI,D,1,industrial,low,0.05,0.75,41.628509521484375,47.15224075317383,100.0,396.4810795119357,281.07887196264966,0.18917078310963212,100.0,True,
LI_LI_LI_LI_LI,D,1,industrial,low,0.05,1.0,41.628509521484375,47.15224075317383,100.0,396.48107951193566,281.0788719626496,0.108593896274106,100.0,True,
LI_LI_LI_LI_LI,E,1,mixed,low,0.05,0.0,38.62057113647461,47.6947021484375,100.0,473.4090525070429,282.21918791648983,1.0,100.0,True,
LI_LI_LI_LI_LI,E,1,mixed,low,0.05,0.25,40.879783630371094,47.7048454284668,100.0,416.7988681289948,269.4110362732987,0.5740521579972074,100.0,True,
LI_LI_LI_LI_LI,E,1,mixed,low,0.05,0.5,41.81214904785156,47.71183395385742,100.0,390.5767836523021,260.5365227193671,0.32953588010125084,100.0,True,
LI_LI_LI_LI_LI,E,1,mixed,low,0.05,0.75,41.82434844970703,47.71666717529297,100.0,390.30100564464533,254.38755096759874,0.18917078310963212,100.0,True,
LI_LI_LI_LI_LI,E,1,mixed,low,0.05,1.0,41.82434844970703,47.720001220703125,100.0,390.30100564464533,250.12705408079862,0.108593896274106,100.0,True,
LI_LI_LI_LI_LI,E,1,commercial,low,0.05,0.0,36.9376220703125,47.70996856689453,100.0,511.55075646071606,280.94825251642624,1.0,100.0,True,
LI_LI_LI_LI_LI,E,1,commercial,low,0.05,0.25,39.061710357666016,47.71382141113281,100.0,462.8992191630147,272.1067865844189,0.5740521579972074,100.0,True,
LI_LI_LI_LI_LI,E,1,commercial,low,0.05,0.5,40.57459259033203,47.716819763183594,100.0,424.8896844278045,265.1986788263521,0.32953588010125084,100.0,True,
LI_LI_LI_LI_LI,E,1,commercial,low,0.05,0.75,41.6654052734375,47.71916580200195,100.0,395.19813596117865,259.8011630656572,0.18917078310963212,100.0,True,
LI_LI_LI_LI_LI,E,1,commercial,low,0.05,1.0,41.82434844970703,47.72099304199219,100.0,390.30100564464533,255.58391911662451,0.108593896274106,100.0,True,
LI_LI_LI_LI_LI,E,1,industrial,low,0.05,0.0,41.628509521484375,47.15224075317383,100.0,396.48107951193566,281.1662994064743,1.0,100.0,True,
LI_LI_LI_LI_LI,E,1,industrial,low,0.05,0.25,41.628509521484375,47.15224075317383,100.0,396.48107951193566,281.1662994064743,0.5740521579972074,100.0,True,
LI_LI_LI_LI_LI,E,1,industrial,low,0.05,0.5,41.628509521484375,47.15224075317383,100.0,396.48107951193555,281.1662994064743,0.32953588010125084,100.0,True,
LI_LI_LI_LI_LI,E,1,industrial,low,0.05,0.75,41.628509521484375,47.15224075317383,100.0,396.4810795119357,281.1662994064743,0.18917078310963212,100.0,True,
LI_LI_LI_LI_LI,E,1,industrial,low,0.05,1.0,41.628509521484375,47.15224075317383,100.0,396.48107951193566,281.1662994064743,0.108593896274106,100.0,True,
LI_LI_LI_LI_LI,A+D,2,mixed,low,0.05,0.0,38.567787170410156,47.70903015136719,100.0,481.4315272016807,282.4162196219763,1.0,100.0,True,
LI_LI_LI_LI_LI,A+D,2,mixed,low,0.05,0.25,40.77839660644531,47.71963119506836,100.0,421.66631333589237,268.9732606579012,0.5740521579972074,100.0,True,
LI_LI_LI_LI_LI,A+D,2,mixed,low,0.05,0.5,41.82434844970703,47.72693634033203,100.0,390.3010056446453,259.6589478221243,0.32953588010125084,100.0,True,
LI_LI_LI_LI_LI,A+D,2,mixed,low,0.05,0.75,41.82434844970703,47.73198318481445,100.0,390.30100564464533,253.20528636342812,0.18917078310963212,100.0,True,
LI_LI_LI_LI_LI,A+D,2,mixed,low,0.05,1.0,41.82434844970703,47.73546600341797,100.0,390.30100564464533,248.73370813273328,0.108593896274106,100.0,True,
LI_LI_LI_LI_LI,A+D,2,commercial,low,0.05,0.0,36.94927215576172,47.72500228881836,100.0,521.2726181380199,281.07974406150447,1.0,100.0,True,
LI_LI_LI_LI_LI,A+D,2,commercial,low,0.05,0.25,39.00945281982422,47.72901916503906,100.0,470.01171865952546,271.8006328697678,0.5740521579972074,100.0,True,
LI_LI_LI_LI_LI,A+D,2,commercial,low,0.05,0.5,40.48678207397461,47.732154846191406,100.0,429.9565173040843,264.5506016661922,0.32953588010125084,100.0,True,
LI_LI_LI_LI_LI,A+D,2,commercial,low,0.05,0.75,41.55900192260742,47.734596252441406,100.0,398.65707720713823,258.8859502720367,0.18917078310963212,100.0,True,
LI_LI_LI_LI_LI,A+D,2,commercial,low,0.05,1.0,41.82434844970703,47.736507415771484,100.0,390.30100564464533,254.46000242219074,0.108593896274106,100.0,True,
LI_LI_LI_LI_LI,A+D,2,industrial,low,0.05,0.0,41.628509521484375,47.15224075317383,100.0,396.48107951193566,280.99292690721956,1.0,100.0,True,
LI_LI_LI_LI_LI,A+D,2,industrial,low,0.05,0.25,41.628509521484375,47.15224075317383,100.0,396.48107951193566,280.99292690721956,0.5740521579972074,100.0,True,
LI_LI_LI_LI_LI,A+D,2,industrial,low,0.05,0.5,41.628509521484375,47.15224075317383,100.0,396.48107951193555,280.9929269072195,0.32953588010125084,100.0,True,
LI_LI_LI_LI_LI,A+D,2,industrial,low,0.05,0.75,41.628509521484375,47.15224075317383,100.0,396.4810795119357,280.99292690721956,0.18917078310963212,100.0,True,
LI_LI_LI_LI_LI,A+D,2,industrial,low,0.05,1.0,41.628509521484375,47.15224075317383,100.0,396.48107951193566,280.99292690721956,0.108593896274106,100.0,True,
LI_LI_LI_LI_LI,A+B+C+D+E,5,mixed,low,0.05,0.0,29.434520721435547,48.491764068603516,100.0,687.3002485058516,284.74779215695776,1.0,100.0,True,
LI_LI_LI_LI_LI,A+B+C+D+E,5,mixed,low,0.05,0.25,38.83760452270508,48.49582290649414,100.0,476.169087924731,236.3775214440946,0.5740521579972074,100.0,True,
LI_LI_LI_LI_LI,A+B+C+D+E,5,mixed,low,0.05,0.5,41.82434844970703,48.497886657714844,100.0,390.3010056446453,202.86287203611866,0.32953588010125084,100.0,True,
LI_LI_LI_LI_LI,A+B+C+D+E,5,mixed,low,0.05,0.75,41.82434844970703,48.49892807006836,100.0,390.30100564464533,179.64137049810157,0.18917078310963212,100.0,True,
LI_LI_LI_LI_LI,A+B+C+D+E,5,mixed,low,0.05,1.0,41.82434844970703,48.49945831298828,100.0,390.30100564464533,163.5517699652663,0.108593896274106,100.0,True,
LI_LI_LI_LI_LI,A+B+C+D+E,5,commercial,low,0.05,0.0,21.34928321838379,48.49740219116211,100.0,832.0592372747216,279.9292669578292,1.0,100.0,True,
LI_LI_LI_LI_LI,A+B+C+D+E,5,commercial,low,0.05,0.25,31.310184478759766,48.498355865478516,100.0,650.0716310834891,246.54324788125567,0.5740521579972074,100.0,True,
LI_LI_LI_LI_LI,A+B+C+D+E,5,commercial,low,0.05,0.5,37.61682891845703,48.498958587646484,100.0,507.8837930658679,220.45781971405398,0.32953588010125084,100.0,True,
LI_LI_LI_LI_LI,A+B+C+D+E,5,commercial,low,0.05,0.75,41.60977554321289,48.49934005737305,100.0,396.82611364450406,200.0765565750937,0.18917078310963212,100.0,True,
LI_LI_LI_LI_LI,A+B+C+D+E,5,commercial,low,0.05,1.0,41.82434844970703,48.49958419799805,100.0,390.30100564464533,184.15212314774914,0.108593896274106,100.0,True,
LI_LI_LI_LI_LI,A+B+C+D+E,5,industrial,low,0.05,0.0,41.628509521484375,47.15224075317383,100.0,396.48107951193566,279.9154533261627,1.0,100.0,True,
LI_LI_LI_LI_LI,A+B+C+D+E,5,industrial,low,0.05,0.25,41.628509521484375,47.15224075317383,100.0,396.48107951193566,279.9154533261627,0.5740521579972074,100.0,True,
LI_LI_LI_LI_LI,A+B+C+D+E,5,industrial,low,0.05,0.5,41.628509521484375,47.15224075317383,100.0,396.4810795119356,279.9154533261627,0.32953588010125084,100.0,True,
LI_LI_LI_LI_LI,A+B+C+D+E,5,industrial,low,0.05,0.75,41.628509521484375,47.15224075317383,100.0,396.4810795119357,279.9154533261628,0.18917078310963212,100.0,True,
LI_LI_LI_LI_LI,A+B+C+D+E,5,industrial,low,0.05,1.0,41.628509521484375,47.15224075317383,100.0,396.48107951193566,279.9154533261627,0.108593896274106,100.0,True,
LM_LM_LM_LM_LM,A,1,mixed,low,0.05,0.0,29.434520721435547,48.49215316772461,100.0,687.3002485058516,296.26248407164803,1.0,100.0,True,
LM_LM_LM_LM_LM,A,1,mixed,low,0.05,0.25,29.434520721435547,48.49215316772461,100.0,687.3002485058518,296.2624840716481,0.8284999473525735,100.0,True,
LM_LM_LM_LM_LM,A,1,mixed,low,0.05,0.5,29.434520721435547,48.49215316772461,100.0,687.3002485058518,296.2624840716481,0.686412162763217,100.0,True,
LM_LM_LM_LM_LM,A,1,mixed,low,0.05,0.75,29.434520721435547,48.49215316772461,100.0,687.3002485058519,296.2624840716481,0.5686924407114915,100.0,True,
LM_LM_LM_LM_LM,A,1,mixed,low,0.05,1.0,29.434520721435547,48.49215316772461,100.0,687.3002485058519,296.2624840716481,0.4711616571892771,100.0,True,
LM_LM_LM_LM_LM,A,1,commercial,low,0.05,0.0,29.07076072692871,48.492164611816406,100.0,695.853900635313,295.9728757633825,1.0,100.0,True,
LM_LM_LM_LM_LM,A,1,commercial,low,0.05,0.25,28.80841636657715,48.49215316772461,100.0,701.9676577626932,297.1170540212093,0.8284999473525735,100.0,True,
LM_LM_LM_LM_LM,A,1,commercial,low,0.05,0.5,28.510263442993164,48.49215316772461,100.0,708.8612817543459,298.4073160704394,0.686412162763217,100.0,True,
LM_LM_LM_LM_LM,A,1,commercial,low,0.05,0.75,28.171100616455078,48.49215316772461,100.0,716.6342900772937,299.86231166341304,0.5686924407114915,100.0,True,
LM_LM_LM_LM_LM,A,1,commercial,low,0.05,1.0,27.784893035888672,48.49215316772461,100.0,725.5760792970401,301.50307136944645,0.4711616571892771,100.0,True,
LM_LM_LM_LM_LM,A,1,industrial,low,0.05,0.0,30.07416343688965,48.49215316772461,100.0,674.4282781216967,295.9312913764415,1.0,100.0,True,
LM_LM_LM_LM_LM,A,1,industrial,low,0.05,0.25,29.67388916015625,48.49215316772461,100.0,681.6217202910946,299.88484302788754,0.8284999473525735,100.0,True,
LM_LM_LM_LM_LM,A,1,industrial,low,0.05,0.5,29.040618896484375,48.49215316772461,100.0,696.5586393710159,305.5908960947306,0.686412162763217,100.0,True,
LM_LM_LM_LM_LM,A,1,industrial,low,0.05,0.75,28.106216430664062,48.49215316772461,100.0,718.1131467696048,313.8262635103579,0.5686924407114915,100.0,True,
LM_LM_LM_LM_LM,A,1,industrial,low,0.05,1.0,26.715160369873047,48.49215316772461,100.0,749.2178384540503,325.7120832846417,0.4711616571892771,100.0,True,
LM_LM_LM_LM_LM,B,1,mixed,low,0.05,0.0,29.434520721435547,48.49215316772461,100.0,687.3002485058516,294.7323628597279,1.0,100.0,True,
LM_LM_LM_LM_LM,B,1,mixed,low,0.05,0.25,29.434520721435547,48.49215316772461,100.0,687.3002485058518,294.73236285972797,0.8284999473525735,100.0,True,
LM_LM_LM_LM_LM,B,1,mixed,low,0.05,0.5,29.434520721435547,48.49215316772461,100.0,687.3002485058519,294.73236285972797,0.686412162763217,100.0,True,
LM_LM_LM_LM_LM,B,1,mixed,low,0.05,0.75,29.434520721435547,48.49215316772461,100.0,687.3002485058519,294.732362859728,0.5686924407114915,100.0,True,
LM_LM_LM_LM_LM,B,1,mixed,low,0.05,1.0,29.434520721435547,48.49215316772461,100.0,687.3002485058519,294.73236285972797,0.4711616571892771,100.0,True,
LM_LM_LM_LM_LM,B,1,commercial,low,0.05,0.0,27.061546325683594,48.493995666503906,100.0,736.8449196753693,293.0799371642462,1.0,100.0,True,
LM_LM_LM_LM_LM,B,1,commercial,low,0.05,0.25,25.240385055541992,48.49368667602539,100.0,772.9710725546119,299.7230221880095,0.8284999473525735,100.0,True,
LM_LM_LM_LM_LM,B,1,commercial,low,0.05,0.5,23.094831466674805,48.49332809448242,100.0,813.8834305767726,307.21414674142625,0.686412162763217,100.0,True,
LM_LM_LM_LM_LM,B,1,commercial,low,0.05,0.75,20.558713912963867,48.49291229248047,100.0,860.041812181737,315.6615680859191,0.5686924407114915,100.0,True,
LM_LM_LM_LM_LM,B,1,commercial,low,0.05,1.0,17.36281967163086,48.492435455322266,100.0,912.0903988997687,325.1873630801118,0.4711616571892771,100.0,True,
LM_LM_LM_LM_LM,B,1,industrial,low,0.05,0.0,30.545621871948242,48.49215316772461,100.0,664.2833548341181,293.0275993849036,1.0,100.0,True,
LM_LM_LM_LM_LM,B,1,industrial,low,0.05,0.25,30.254878997802734,48.49215316772461,100.0,670.7034558233535,316.0701215790208,0.8284999473525735,100.0,True,
LM_LM_LM_LM_LM,B,1,industrial,low,0.05,0.5,27.102970123291016,48.49215316772461,100.0,736.7854660862341,349.32628503959654,0.686412162763217,100.0,True,
LM_LM_LM_LM_LM,B,1,industrial,low,0.05,0.75,20.475500106811523,48.49215316772461,100.0,861.8232737396444,397.32328691292923,0.5686924407114915,100.0,True,
LM_LM_LM_LM_LM,B,1,industrial,low,0.05,1.0,8.080236434936523,48.49215316772461,98.92892260148898,1042.2882463029548,466.59500104277913,0.4711616571892771,100.0,True,
LM_LM_LM_LM_LM,C,1,mixed,low,0.05,0.0,29.434520721435547,48.49215316772461,100.0,687.3002485058516,295.8632544718688,1.0,100.0,True,
LM_LM_LM_LM_LM,C,1,mixed,low,0.05,0.25,29.434520721435547,48.49215316772461,100.0,687.3002485058518,295.86325447186886,0.8284999473525735,100.0,True,
LM_LM_LM_LM_LM,C,1,mixed,low,0.05,0.5,29.434520721435547,48.49215316772461,100.0,687.3002485058518,295.86325447186886,0.686412162763217,100.0,True,
LM_LM_LM_LM_LM,C,1,mixed,low,0.05,0.75,29.434520721435547,48.49215316772461,100.0,687.3002485058519,295.86325447186886,0.5686924407114915,100.0,True,
LM_LM_LM_LM_LM,C,1,mixed,low,0.05,1.0,29.434520721435547,48.49215316772461,100.0,687.3002485058519,295.86325447186886,0.4711616571892771,100.0,True,
LM_LM_LM_LM_LM,C,1,commercial,low,0.05,0.0,28.574310302734375,48.492576599121094,100.0,704.2945131922634,295.30456592875754,1.0,100.0,True,
LM_LM_LM_LM_LM,C,1,commercial,low,0.05,0.25,27.947778701782227,48.492462158203125,100.0,716.4413723653665,297.5731526886779,0.8284999473525735,100.0,True,
LM_LM_LM_LM_LM,C,1,commercial,low,0.05,0.5,27.229543685913086,48.49232864379883,100.0,730.4301468713113,300.1313381225324,0.686412162763217,100.0,True,
LM_LM_LM_LM_LM,C,1,commercial,low,0.05,0.75,26.393274307250977,48.49217224121094,100.0,746.2861519874142,303.01609100280274,0.5686924407114915,100.0,True,
LM_LM_LM_LM_LM,C,1,commercial,low,0.05,1.0,25.418460845947266,48.49215316772461,100.0,764.1671771718809,306.26909934319445,0.4711616571892771,100.0,True,
LM_LM_LM_LM_LM,C,1,industrial,low,0.05,0.0,30.307889938354492,48.49215316772461,100.0,670.1434705326942,295.21186034067034,1.0,100.0,True,
LM_LM_LM_LM_LM,C,1,industrial,low,0.05,0.25,30.012996673583984,48.49215316772461,100.0,675.6497601019386,303.0476803759833,0.8284999473525735,100.0,True,
LM_LM_LM_LM_LM,C,1,industrial,low,0.05,0.5,28.53429412841797,48.49215316772461,100.0,705.0730244667917,314.356716406468,0.686412162763217,100.0,True,
LM_LM_LM_LM_LM,C,1,industrial,low,0.05,0.75,26.298961639404297,48.49215316772461,100.0,747.5440686677255,330.67846641471664,0.5686924407114915,100.0,True,
LM_LM_LM_LM_LM,C,1,industrial,low,0.05,1.0,22.86614418029785,48.49215316772461,100.0,808.8475021515866,354.2348086425044,0.4711616571892771,100.0,True,
LM_LM_LM_LM_LM,D,1,mixed,low,0.05,0.0,29.434520721435547,48.49215316772461,100.0,687.3002485058516,295.26623640600144,1.0,100.0,True,
LM_LM_LM_LM_LM,D,1,mixed,low,0.05,0.25,29.434520721435547,48.49215316772461,100.0,687.3002485058518,295.26623640600144,0.8284999473525735,100.0,True,
LM_LM_LM_LM_LM,D,1,mixed,low,0.05,0.5,29.434520721435547,48.49215316772461,100.0,687.3002485058518,295.2662364060015,0.686412162763217,100.0,True,
LM_LM_LM_LM_LM,D,1,mixed,low,0.05,0.75,29.434520721435547,48.49215316772461,100.0,687.3002485058519,295.2662364060015,0.5686924407114915,100.0,True,
LM_LM_LM_LM_LM,D,1,mixed,low,0.05,1.0,29.434520721435547,48.49215316772461,100.0,687.3002485058519,295.26623640600144,0.4711616571892771,100.0,True,
LM_LM_LM_LM_LM,D,1,commercial,low,0.05,0.0,27.660829544067383,48.49326705932617,100.0,718.5756307456227,294.21936915379507,1.0,100.0,True,
LM_LM_LM_LM_LM,D,1,commercial,low,0.05,0.25,26.258682250976562,48.49305725097656,100.0,742.3732901640276,298.49214851375024,0.8284999473525735,100.0,True,
LM_LM_LM_LM_LM,D,1,commercial,low,0.05,0.5,24.624788284301758,48.4928092956543,100.0,769.2201633729811,303.3103507579748,0.686412162763217,100.0,True,
LM_LM_LM_LM_LM,D,1,commercial,low,0.05,0.75,22.715654373168945,48.492530822753906,100.0,799.4942972974742,308.7436005242139,0.5686924407114915,100.0,True,
LM_LM_LM_LM_LM,D,1,commercial,low,0.05,1.0,20.478639602661133,48.492210388183594,100.0,833.633205530116,314.87041028132705,0.4711616571892771,100.0,True,
LM_LM_LM_LM_LM,D,1,industrial,low,0.05,0.0,30.49821662902832,48.49215316772461,100.0,667.3077941533746,294.17413638645115,1.0,100.0,True,
LM_LM_LM_LM_LM,D,1,industrial,low,0.05,0.25,30.26937484741211,48.49215316772461,100.0,671.5333671720399,308.99094107351505,0.8284999473525735,100.0,True,
LM_LM_LM_LM_LM,D,1,industrial,low,0.05,0.5,27.77359962463379,48.49215316772461,100.0,716.9993535819477,330.3752252999051,0.686412162763217,100.0,True,
LM_LM_LM_LM_LM,D,1,industrial,low,0.05,0.75,22.921295166015625,48.49215316772461,100.0,796.6758965813976,361.23800526684664,0.5686924407114915,100.0,True,
LM_LM_LM_LM_LM,D,1,industrial,low,0.05,1.0,15.059353828430176,48.49215316772461,100.0,911.6769572130953,405.78059896450725,0.4711616571892771,100.0,True,
LM_LM_LM_LM_LM,E,1,mixed,low,0.05,0.0,29.434520721435547,48.49215316772461,100.0,687.3002485058516,295.01896673673997,1.0,100.0,True,
LM_LM_LM_LM_LM,E,1,mixed,low,0.05,0.25,29.434520721435547,48.49215316772461,100.0,687.3002485058518,295.01896673673997,0.8284999473525735,100.0,True,
LM_LM_LM_LM_LM,E,1,mixed,low,0.05,0.5,29.434520721435547,48.49215316772461,100.0,687.3002485058518,295.01896673673997,0.686412162763217,100.0,True,
LM_LM_LM_LM_LM,E,1,mixed,low,0.05,0.75,29.434520721435547,48.49215316772461,100.0,687.3002485058519,295.01896673673997,0.5686924407114915,100.0,True,
LM_LM_LM_LM_LM,E,1,mixed,low,0.05,1.0,29.434520721435547,48.49215316772461,100.0,687.3002485058519,295.01896673673997,0.4711616571892771,100.0,True,
LM_LM_LM_LM_LM,E,1,commercial,low,0.05,0.0,27.19403839111328,48.493526458740234,100.0,725.7012052021703,293.74803133667626,1.0,100.0,True,
LM_LM_LM_LM_LM,E,1,commercial,low,0.05,0.25,25.479135513305664,48.4932746887207,100.0,753.7495932240738,298.9094901141039,0.8284999473525735,100.0,True,
LM_LM_LM_LM_LM,E,1,commercial,low,0.05,0.5,23.466869354248047,48.49299240112305,100.0,785.3766215615021,304.72983240514014,0.686412162763217,100.0,True,
LM_LM_LM_LM_LM,E,1,commercial,low,0.05,0.75,21.098848342895508,48.49266052246094,100.0,821.0390042982159,311.2931676378428,0.5686924407114915,100.0,True,
LM_LM_LM_LM_LM,E,1,commercial,low,0.05,1.0,18.30400848388672,48.492286682128906,100.0,861.2517499638778,318.69434218334766,0.4711616571892771,100.0,True,
LM_LM_LM_LM_LM,E,1,industrial,low,0.05,0.0,30.958805084228516,48.49215316772461,100.0,659.1544481214164,293.96607822672433,1.0,100.0,True,
LM_LM_LM_LM_LM,E,1,industrial,low,0.05,0.25,30.530590057373047,48.49215316772461,100.0,666.5777414274329,311.9845626409272,0.8284999473525735,100.0,True,
LM_LM_LM_LM_LM,E,1,industrial,low,0.05,0.5,27.2121639251709,48.49215316772461,100.0,725.8784034557028,337.98970712164135,0.686412162763217,100.0,True,
LM_LM_LM_LM_LM,E,1,industrial,low,0.05,0.75,20.991790771484375,48.49215316772461,100.0,823.1212822187529,375.52158577465144,0.5686924407114915,100.0,True,
LM_LM_LM_LM_LM,E,1,industrial,low,0.05,1.0,10.649373054504395,48.49215316772461,100.0,963.4754654731713,429.6894051486243,0.4711616571892771,100.0,True,
LM_LM_LM_LM_LM,A+D,2,mixed,low,0.05,0.0,29.434520721435547,48.49215316772461,100.0,687.3002485058516,294.9548453867426,1.0,100.0,True,
LM_LM_LM_LM_LM,A+D,2,mixed,low,0.05,0.25,29.434520721435547,48.49215316772461,100.0,687.3002485058518,294.9548453867426,0.8284999473525735,100.0,True,
LM_LM_LM_LM_LM,A+D,2,mixed,low,0.05,0.5,29.434520721435547,48.49215316772461,100.0,687.3002485058518,294.95484538674265,0.686412162763217,100.0,True,
LM_LM_LM_LM_LM,A+D,2,mixed,low,0.05,0.75,29.434520721435547,48.49215316772461,100.0,687.3002485058519,294.95484538674265,0.5686924407114915,100.0,True,
LM_LM_LM_LM_LM,A+D,2,mixed,low,0.05,1.0,29.434520721435547,48.49215316772461,100.0,687.3002485058519,294.9548453867426,0.4711616571892771,100.0,True,
LM_LM_LM_LM_LM,A+D,2,commercial,low,0.05,0.0,27.283105850219727,48.49363327026367,100.0,727.1193447224737,293.6183698262707,1.0,100.0,True,
LM_LM_LM_LM_LM,A+D,2,commercial,low,0.05,0.25,25.590524673461914,48.49337387084961,100.0,757.0406994208691,299.0353274440527,0.8284999473525735,100.0,True,
LM_LM_LM_LM_LM,A+D,2,commercial,low,0.05,0.5,23.608890533447266,48.493072509765625,100.0,790.7811966214753,305.14379173750723,0.686412162763217,100.0,True,
LM_LM_LM_LM_LM,A+D,2,commercial,low,0.05,0.75,21.282106399536133,48.49272155761719,100.0,828.828338868916,312.0320370967201,0.5686924407114915,100.0,True,
LM_LM_LM_LM_LM,A+D,2,commercial,low,0.05,1.0,18.54197883605957,48.4923210144043,100.0,871.7318588405805,319.7996065598665,0.4711616571892771,100.0,True,
LM_LM_LM_LM_LM,A+D,2,industrial,low,0.05,0.0,30.619441986083984,48.49215316772461,100.0,664.3635666330865,293.5315526719858,1.0,100.0,True,
LM_LM_LM_LM_LM,A+D,2,industrial,low,0.05,0.25,30.345983505249023,48.49215316772461,100.0,669.6840364702571,312.30190901049565,0.8284999473525735,100.0,True,
LM_LM_LM_LM_LM,A+D,2,industrial,low,0.05,0.5,27.399429321289062,48.49215316772461,100.0,725.4885539953937,339.39224630372877,0.686412162763217,100.0,True,
LM_LM_LM_LM_LM,A+D,2,industrial,low,0.05,0.75,21.453662872314453,48.49215316772461,100.0,826.7840332683755,378.4903936862976,0.5686924407114915,100.0,True,
LM_LM_LM_LM_LM,A+D,2,industrial,low,0.05,1.0,11.665630340576172,48.49215316772461,100.0,972.9890084470545,434.9188071582421,0.4711616571892771,100.0,True,
LM_LM_LM_LM_LM,A+B+C+D+E,5,mixed,low,0.05,0.0,29.434520721435547,48.49215316772461,100.0,687.3002485058516,290.8478041823585,1.0,100.0,True,
LM_LM_LM_LM_LM,A+B+C+D+E,5,mixed,low,0.05,0.25,29.434520721435547,48.49215316772461,100.0,687.3002485058518,290.84780418235863,0.8284999473525735,100.0,True,
LM_LM_LM_LM_LM,A+B+C+D+E,5,mixed,low,0.05,0.5,29.434520721435547,48.49215316772461,100.0,687.3002485058519,290.84780418235863,0.686412162763217,100.0,True,
LM_LM_LM_LM_LM,A+B+C+D+E,5,mixed,low,0.05,0.75,29.434520721435547,48.49215316772461,100.0,687.3002485058519,290.84780418235863,0.5686924407114915,100.0,True,
LM_LM_LM_LM_LM,A+B+C+D+E,5,mixed,low,0.05,1.0,29.434520721435547,48.49215316772461,100.0,687.3002485058518,290.84780418235863,0.4711616571892771,100.0,True,
LM_LM_LM_LM_LM,A+B+C+D+E,5,commercial,low,0.05,0.0,21.34928321838379,48.49740219116211,100.0,832.0592372747216,286.0292789832301,1.0,100.0,True,
LM_LM_LM_LM_LM,A+B+C+D+E,5,commercial,low,0.05,0.25,14.582085609436035,48.49675369262695,100.0,938.3019920473662,305.5193671621233,0.8284999473525735,100.0,True,
LM_LM_LM_LM_LM,A+B+C+D+E,5,commercial,low,0.05,0.5,6.128296852111816,48.49594497680664,97.21871049304679,1058.1087015241235,327.4974837338852,0.686412162763217,100.0,False,V4_band
LM_LM_LM_LM_LM,A+B+C+D+E,5,industrial,low,0.05,0.0,31.094539642333984,48.49215316772461,100.0,655.1527327625433,286.01546535156353,1.0,100.0,True,
LM_LM_LM_LM_LM,A+B+C+D+E,5,industrial,low,0.05,0.25,31.094539642333984,48.49215316772461,100.0,655.1527327625436,353.6826483337061,0.8284999473525735,100.0,True,
LM_LM_LM_LM_LM,A+B+C+D+E,5,industrial,low,0.05,0.5,21.75602912902832,48.49215316772461,100.0,825.8342034820174,451.34332959871404,0.686412162763217,100.0,True,
LM_LM_LM_LM_LM,A+B+C+D+E,5,industrial,low,0.05,0.75,-4.261313438415527,48.49215316772461,89.17158308751229,1191.8705792214935,592.292107515874,0.5686924407114915,100.0,False,"V3_floor,V4_band"
HR_HR_HR_HR_HR,A,1,mixed,low,0.05,0.0,28.531023025512695,48.46117401123047,100.0,703.699495288767,308.13335617944995,1.0,100.0,True,
HR_HR_HR_HR_HR,A,1,mixed,low,0.05,0.25,28.56418228149414,48.46117401123047,100.0,702.9308659676797,306.4016752087594,0.6734335073032922,100.0,True,
HR_HR_HR_HR_HR,A,1,mixed,low,0.05,0.5,28.59112548828125,48.46117401123047,100.0,702.3058170072226,304.99415145176005,0.4535126887588133,100.0,True,
HR_HR_HR_HR_HR,A,1,mixed,low,0.05,0.75,28.613019943237305,48.46117401123047,100.0,701.7975026786978,303.85010933617116,0.3054106405973939,100.0,True,
HR_HR_HR_HR_HR,A,1,mixed,low,0.05,1.0,28.63081932067871,48.46117401123047,100.0,701.3840991253103,302.9202301030173,0.20567375886524825,100.0,True,
HR_HR_HR_HR_HR,A,1,commercial,low,0.05,0.0,28.557411193847656,48.46117401123047,100.0,703.0878752790579,307.8437478711844,1.0,100.0,True,
HR_HR_HR_HR_HR,A,1,commercial,low,0.05,0.25,28.56997299194336,48.46117401123047,100.0,702.7965518704823,307.09620907385244,0.6734335073032922,100.0,True,
HR_HR_HR_HR_HR,A,1,commercial,low,0.05,0.5,28.581485748291016,48.46117401123047,100.0,702.5294642109405,306.4110279160227,0.4535126887588133,100.0,True,
HR_HR_HR_HR_HR,A,1,commercial,low,0.05,0.75,28.592039108276367,48.46117401123047,100.0,702.2845935785781,305.78300311864257,0.3054106405973939,100.0,True,
HR_HR_HR_HR_HR,A,1,commercial,low,0.05,1.0,28.60171127319336,48.46117401123047,100.0,702.0600895078776,305.20736722561537,0.20567375886524825,100.0,True,
HR_HR_HR_HR_HR,A,1,industrial,low,0.05,0.0,28.58729362487793,48.46117401123047,100.0,702.394709013983,307.80216348424347,1.0,100.0,True,
HR_HR_HR_HR_HR,A,1,industrial,low,0.05,0.25,28.566303253173828,48.46117401123047,100.0,702.8816410388221,309.3463194580102,0.6734335073032922,100.0,True,
HR_HR_HR_HR_HR,A,1,industrial,low,0.05,0.5,28.541667938232422,48.46117401123047,100.0,703.4528073829397,311.15781823203895,0.4535126887588133,100.0,True,
HR_HR_HR_HR_HR,A,1,industrial,low,0.05,0.75,28.51274871826172,48.46117401123047,100.0,704.1227855932666,313.28294408060395,0.3054106405973939,100.0,True,
HR_HR_HR_HR_HR,A,1,industrial,low,0.05,1.0,28.478796005249023,48.46117401123047,100.0,704.9086764734961,315.7759942287774,0.20567375886524825,100.0,True,
HR_HR_HR_HR_HR,B,1,mixed,low,0.05,0.0,29.81119728088379,48.471561431884766,100.0,676.5257679639541,302.6413072019079,1.0,100.0,True,
HR_HR_HR_HR_HR,B,1,mixed,low,0.05,0.25,30.01422882080078,48.47330856323242,100.0,672.0795819653861,292.5920886428144,0.6734335073032922,100.0,True,
HR_HR_HR_HR_HR,B,1,mixed,low,0.05,0.5,30.14869499206543,48.47468948364258,100.0,670.286462168975,284.4237759731782,0.4535126887588133,100.0,True,
HR_HR_HR_HR_HR,B,1,mixed,low,0.05,0.75,30.20009994506836,48.475791931152344,100.0,669.154413098347,277.7843248557991,0.3054106405973939,100.0,True,
HR_HR_HR_HR_HR,B,1,mixed,low,0.05,1.0,30.2418155670166,48.4766731262207,100.0,668.2576938112113,272.3875818331804,0.20567375886524825,100.0,True,
HR_HR_HR_HR_HR,B,1,commercial,low,0.05,0.0,29.974308013916016,48.475826263427734,100.0,672.955487525927,300.9888815064262,1.0,100.0,True,
HR_HR_HR_HR_HR,B,1,commercial,low,0.05,0.25,30.050981521606445,48.47621536254883,100.0,671.3975146905243,296.64861605101714,0.6734335073032922,100.0,True,
HR_HR_HR_HR_HR,B,1,commercial,low,0.05,0.5,30.121118545532227,48.47657012939453,100.0,670.8003013537949,292.67035190360855,0.4535126887588133,100.0,True,
HR_HR_HR_HR_HR,B,1,commercial,low,0.05,0.75,30.15021324157715,48.47689437866211,100.0,670.2529316326347,289.02389657579795,0.3054106405973939,100.0,True,
HR_HR_HR_HR_HR,B,1,commercial,low,0.05,1.0,30.17300033569336,48.47718811035156,100.0,669.7512469540612,285.6815757493973,0.20567375886524825,100.0,True,
HR_HR_HR_HR_HR,B,1,industrial,low,0.05,0.0,30.14000701904297,48.46117401123047,100.0,670.4772109062278,300.93654372708363,1.0,100.0,True,
HR_HR_HR_HR_HR,B,1,industrial,low,0.05,0.25,30.01219940185547,48.46117401123047,100.0,672.1226587287931,309.93640639518975,0.6734335073032922,100.0,True,
HR_HR_HR_HR_HR,B,1,industrial,low,0.05,0.5,29.85915184020996,48.46117401123047,100.0,675.4761357754888,320.4943596269483,0.4535126887588133,100.0,True,
HR_HR_HR_HR_HR,B,1,industrial,low,0.05,0.75,29.67877960205078,48.46117401123047,100.0,679.4100268361694,332.88014494566505,0.3054106405973939,100.0,True,
HR_HR_HR_HR_HR,B,1,industrial,low,0.05,1.0,29.33115005493164,48.46117401123047,100.0,685.40693634176,347.41020228493346,0.20567375886524825,100.0,True,
HR_HR_HR_HR_HR,C,1,mixed,low,0.05,0.0,28.61695671081543,48.461910247802734,100.0,702.5712719661424,307.4881037273271,1.0,100.0,True,
HR_HR_HR_HR_HR,C,1,mixed,low,0.05,0.25,28.695804595947266,48.46258544921875,100.0,701.0230586012625,304.0573675366488,0.6734335073032922,100.0,True,
HR_HR_HR_HR_HR,C,1,mixed,low,0.05,0.5,28.759769439697266,48.46312713623047,100.0,699.7648873897499,301.26875391582996,0.4535126887588133,100.0,True,
HR_HR_HR_HR_HR,C,1,mixed,low,0.05,0.75,28.811668395996094,48.463565826416016,100.0,698.7424459432128,299.0020790343395,0.3054106405973939,100.0,True,
HR_HR_HR_HR_HR,C,1,mixed,low,0.05,1.0,28.85379409790039,48.463924407958984,100.0,697.9115898863929,297.1596533798078,0.20567375886524825,100.0,True,
HR_HR_HR_HR_HR,C,1,commercial,low,0.05,0.0,28.681955337524414,48.46356964111328,100.0,701.2953495417815,306.9294151842158,1.0,100.0,True,
HR_HR_HR_HR_HR,C,1,commercial,low,0.05,0.25,28.711650848388672,48.46372985839844,100.0,700.7116581754964,305.44723021700787,0.6734335073032922,100.0,True,
HR_HR_HR_HR_HR,C,1,commercial,low,0.05,0.5,28.738845825195312,48.46387481689453,100.0,700.1767094385219,304.0886659331258,0.4535126887588133,100.0,True,
HR_HR_HR_HR_HR,C,1,commercial,low,0.05,0.75,28.76375389099121,48.46400833129883,100.0,699.686435444746,302.84341189027,0.3054106405973939,100.0,True,
HR_HR_HR_HR_HR,C,1,commercial,low,0.05,1.0,28.786569595336914,48.46413040161133,100.0,699.2371076937955,301.702017574233,0.20567375886524825,100.0,True,
HR_HR_HR_HR_HR,C,1,industrial,low,0.05,0.0,28.750871658325195,48.46117401123047,100.0,699.9402886739682,306.83670959612857,1.0,100.0,True,
HR_HR_HR_HR_HR,C,1,industrial,low,0.05,0.25,28.701290130615234,48.46117401123047,100.0,700.9156207656988,309.89719743861474,0.6734335073032922,100.0,True,
HR_HR_HR_HR_HR,C,1,industrial,low,0.05,0.5,28.643037796020508,48.46117401123047,100.0,702.059913341621,313.4875246263105,0.4535126887588133,100.0,True,
HR_HR_HR_HR_HR,C,1,industrial,low,0.05,0.75,28.5745849609375,48.46117401123047,100.0,703.402426236221,317.69941827622915,0.3054106405973939,100.0,True,
HR_HR_HR_HR_HR,C,1,industrial,low,0.05,1.0,28.494125366210938,48.46117401123047,100.0,704.9774855693479,322.6404855340268,0.20567375886524825,100.0,True,
HR_HR_HR_HR_HR,D,1,mixed,low,0.05,0.0,29.693235397338867,48.46653366088867,100.0,683.8121956717212,304.9937131585031,1.0,100.0,True,
HR_HR_HR_HR_HR,D,1,mixed,low,0.05,0.25,29.853782653808594,48.46773147583008,100.0,680.8902709797148,298.532930248499,0.6734335073032922,100.0,True,
HR_HR_HR_HR_HR,D,1,mixed,low,0.05,0.5,29.983793258666992,48.468692779541016,100.0,678.5150460472198,293.28135847727066,0.4535126887588133,100.0,True,
HR_HR_HR_HR_HR,D,1,mixed,low,0.05,0.75,30.089147567749023,48.46946334838867,100.0,676.5842156848131,289.0126777671068,0.3054106405973939,100.0,True,
HR_HR_HR_HR_HR,D,1,mixed,low,0.05,1.0,30.17457389831543,48.4700813293457,100.0,675.014620909921,285.54292708024,0.20567375886524825,100.0,True,
HR_HR_HR_HR_HR,D,1,commercial,low,0.05,0.0,29.82515525817871,48.469478607177734,100.0,681.4122368157647,303.94684590629674,1.0,100.0,True,
HR_HR_HR_HR_HR,D,1,commercial,low,0.05,0.25,29.885587692260742,48.46975326538086,100.0,680.3100209386259,301.15520615223994,0.6734335073032922,100.0,True,
HR_HR_HR_HR_HR,D,1,commercial,low,0.05,0.5,29.940895080566406,48.470001220703125,100.0,679.2997123719763,298.59639150706477,0.4535126887588133,100.0,True,
HR_HR_HR_HR_HR,D,1,commercial,low,0.05,0.75,29.991519927978516,48.47023391723633,100.0,678.3736466419109,296.2509838756157,0.3054106405973939,100.0,True,
HR_HR_HR_HR_HR,D,1,commercial,low,0.05,1.0,30.03786277770996,48.47044372558594,100.0,677.5247984788313,294.10118468413367,0.20567375886524825,100.0,True,
HR_HR_HR_HR_HR,D,1,industrial,low,0.05,0.0,29.95377540588379,48.46117401123047,100.0,679.0670007529972,303.9016131389528,1.0,100.0,True,
HR_HR_HR_HR_HR,D,1,industrial,low,0.05,0.25,29.85074234008789,48.46117401123047,100.0,680.9490350408919,309.688714527628,0.6734335073032922,100.0,True,
HR_HR_HR_HR_HR,D,1,industrial,low,0.05,0.5,29.729515075683594,48.46117401123047,100.0,683.1568181136348,316.47768609301284,0.4535126887588133,100.0,True,
HR_HR_HR_HR_HR,D,1,industrial,low,0.05,0.75,29.58681297302246,48.46117401123047,100.0,685.7467382811365,324.4419735033499,0.3054106405973939,100.0,True,
HR_HR_HR_HR_HR,D,1,industrial,low,0.05,1.0,29.418731689453125,48.46117401123047,100.0,688.7849454297593,333.7850497253406,0.20567375886524825,100.0,True,
HR_HR_HR_HR_HR,E,1,mixed,low,0.05,0.0,30.070058822631836,48.468231201171875,100.0,677.5127937386525,304.13973290111295,1.0,100.0,True,
HR_HR_HR_HR_HR,E,1,mixed,low,0.05,0.25,30.264448165893555,48.4696159362793,100.0,674.0103454797521,296.33414291228195,0.6734335073032922,100.0,True,
HR_HR_HR_HR_HR,E,1,mixed,low,0.05,0.5,30.421710968017578,48.47072219848633,100.0,671.162959474734,289.98949440142394,0.4535126887588133,100.0,True,
HR_HR_HR_HR_HR,E,1,mixed,low,0.05,0.75,30.524707794189453,48.47161102294922,100.0,668.8480774918193,284.83234923965983,0.3054106405973939,100.0,True,
HR_HR_HR_HR_HR,E,1,mixed,low,0.05,1.0,30.550565719604492,48.472320556640625,100.0,667.837969950828,280.6404474842744,0.20567375886524825,100.0,True,
HR_HR_HR_HR_HR,E,1,commercial,low,0.05,0.0,30.228158950805664,48.47161102294922,100.0,674.666070026009,302.8687975010493,1.0,100.0,True,
HR_HR_HR_HR_HR,E,1,commercial,low,0.05,0.25,30.301403045654297,48.471927642822266,100.0,673.3427730507449,299.4965457217695,0.6734335073032922,100.0,True,
HR_HR_HR_HR_HR,E,1,commercial,low,0.05,0.5,30.368412017822266,48.47221755981445,100.0,672.129751338778,296.40555119345396,0.4535126887588133,100.0,True,
HR_HR_HR_HR_HR,E,1,commercial,low,0.05,0.75,30.42972755432129,48.47248077392578,100.0,671.0178114895326,293.5723561133012,0.3054106405973939,100.0,True,
HR_HR_HR_HR_HR,E,1,commercial,low,0.05,1.0,30.48583984375,48.47272491455078,100.0,669.9985266955442,290.97545913802844,0.20567375886524825,100.0,True,
HR_HR_HR_HR_HR,E,1,industrial,low,0.05,0.0,30.37908363342285,48.46117401123047,100.0,671.9377581195276,303.0868443910974,1.0,100.0,True,
HR_HR_HR_HR_HR,E,1,industrial,low,0.05,0.25,30.253250122070312,48.46117401123047,100.0,674.2147104984903,310.1244432003007,0.6734335073032922,100.0,True,
HR_HR_HR_HR_HR,E,1,industrial,low,0.05,0.5,30.10507583618164,48.46117401123047,100.0,676.8856871158811,318.38040767328863,0.4535126887588133,100.0,True,
HR_HR_HR_HR_HR,E,1,industrial,low,0.05,0.75,29.93048858642578,48.46117401123047,100.0,680.0188885189685,328.06566423910346,0.3054106405973939,100.0,True,
HR_HR_HR_HR_HR,E,1,industrial,low,0.05,1.0,29.724624633789062,48.46117401123047,100.0,683.694321149024,339.4276554316404,0.20567375886524825,100.0,True,
HR_HR_HR_HR_HR,A+D,2,mixed,low,0.05,0.0,29.840181350708008,48.469058990478516,100.0,680.3157583675536,304.0657600926533,1.0,100.0,True,
HR_HR_HR_HR_HR,A+D,2,mixed,low,0.05,0.25,30.03229522705078,48.470516204833984,100.0,676.6252043544599,295.8732962119587,0.6734335073032922,100.0,True,
HR_HR_HR_HR_HR,A+D,2,mixed,low,0.05,0.5,30.187774658203125,48.47167205810547,100.0,673.6249304615078,289.21420068373106,0.4535126887588133,100.0,True,
HR_HR_HR_HR_HR,A+D,2,mixed,low,0.05,0.75,30.30315399169922,48.472599029541016,100.0,671.1857857705764,283.80147785797834,0.3054106405973939,100.0,True,
HR_HR_HR_HR_HR,A+D,2,mixed,low,0.05,1.0,30.32875633239746,48.47333908081055,100.0,670.6112901246605,279.4018479379577,0.20567375886524825,100.0,True,
HR_HR_HR_HR_HR,A+D,2,commercial,low,0.05,0.0,29.997224807739258,48.47260665893555,100.0,677.304179501888,302.72928453218145,1.0,100.0,True,
HR_HR_HR_HR_HR,A+D,2,commercial,low,0.05,0.25,30.069570541381836,48.472938537597656,100.0,675.9106402161738,299.1901059807926,0.6734335073032922,100.0,True,
HR_HR_HR_HR_HR,A+D,2,commercial,low,0.05,0.5,30.135766983032227,48.473236083984375,100.0,674.6332439899824,295.94611017778783,0.4535126887588133,100.0,True,
HR_HR_HR_HR_HR,A+D,2,commercial,low,0.05,0.75,30.196346282958984,48.473514556884766,100.0,673.4623076275545,292.97267774895863,0.3054106405973939,100.0,True,
HR_HR_HR_HR_HR,A+D,2,commercial,low,0.05,1.0,30.251794815063477,48.4737663269043,100.0,672.3889553937744,290.2472426644494,0.20567375886524825,100.0,True,
HR_HR_HR_HR_HR,A+D,2,industrial,low,0.05,0.0,30.154197692871094,48.46117401123047,100.0,674.2657771740455,302.64246737789654,1.0,100.0,True,
HR_HR_HR_HR_HR,A+D,2,industrial,low,0.05,0.25,30.03131866455078,48.46117401123047,100.0,676.6347434867794,309.97372474033847,0.6734335073032922,100.0,True,
HR_HR_HR_HR_HR,A+D,2,industrial,low,0.05,0.5,29.886676788330078,48.46117401123047,100.0,679.41369290364,318.57419507975203,0.4535126887588133,100.0,True,
HR_HR_HR_HR_HR,A+D,2,industrial,low,0.05,0.75,29.716318130493164,48.46117401123047,100.0,682.6735912814685,328.66360833865417,0.3054106405973939,100.0,True,
HR_HR_HR_HR_HR,A+D,2,industrial,low,0.05,1.0,29.51552963256836,48.46117401123047,100.0,686.4976893103209,340.49973470881827,0.20567375886524825,100.0,True,
HR_HR_HR_HR_HR,A+B+C+D+E,5,mixed,low,0.05,0.0,29.434520721435547,48.491764068603516,100.0,687.3002485058516,291.1509761871022,1.0,100.0,True,
HR_HR_HR_HR_HR,A+B+C+D+E,5,mixed,low,0.05,0.25,30.669401168823242,48.494388580322266,100.0,662.8880739547737,261.67296756780473,0.6734335073032922,100.0,True,
HR_HR_HR_HR_HR,A+B+C+D+E,5,mixed,low,0.05,0.5,30.669401168823242,48.496177673339844,100.0,662.8880739547737,237.7122972382639,0.4535126887588133,100.0,True,
HR_HR_HR_HR_HR,A+B+C+D+E,5,mixed,low,0.05,0.75,30.669401168823242,48.497398376464844,100.0,662.8880739547735,218.23630325187796,0.3054106405973939,100.0,True,
HR_HR_HR_HR_HR,A+B+C+D+E,5,mixed,low,0.05,1.0,30.669401168823242,48.498226165771484,100.0,662.8880739547737,202.4056028993211,0.20567375886524825,100.0,True,
HR_HR_HR_HR_HR,A+B+C+D+E,5,commercial,low,0.05,0.0,21.34928321838379,48.49740219116211,100.0,832.0592372747216,286.3324509879737,1.0,100.0,True,
HR_HR_HR_HR_HR,A+B+C+D+E,5,commercial,low,0.05,0.25,25.39415740966797,48.49778747558594,100.0,762.6461147070132,273.59857023468805,0.6734335073032922,100.0,True,
HR_HR_HR_HR_HR,A+B+C+D+E,5,commercial,low,0.05,0.5,28.836462020874023,48.49811553955078,100.0,699.0229602501907,261.92675147207706,0.4535126887588133,100.0,True,
HR_HR_HR_HR_HR,A+B+C+D+E,5,commercial,low,0.05,0.75,30.669401168823242,48.49839782714844,100.0,662.8880739547735,251.2284145924288,0.3054106405973939,100.0,True,
HR_HR_HR_HR_HR,A+B+C+D+E,5,commercial,low,0.05,1.0,30.669401168823242,48.49863815307617,100.0,662.8880739547737,241.422367390209,0.20567375886524825,100.0,True,
HR_HR_HR_HR_HR,A+B+C+D+E,5,industrial,low,0.05,0.0,30.669401168823242,48.46117401123047,100.0,662.8880739547737,286.31863735630714,1.0,100.0,True,
HR_HR_HR_HR_HR,A+B+C+D+E,5,industrial,low,0.05,0.25,30.669401168823242,48.46117401123047,100.0,662.8880739547737,312.74784403854454,0.6734335073032922,100.0,True,
HR_HR_HR_HR_HR,A+B+C+D+E,5,industrial,low,0.05,0.5,30.669401168823242,48.46117401123047,100.0,662.8880739547737,343.75255927040035,0.4535126887588133,100.0,True,
HR_HR_HR_HR_HR,A+B+C+D+E,5,industrial,low,0.05,0.75,30.669401168823242,48.46117401123047,100.0,662.8880739547735,380.1249080637529,0.3054106405973939,100.0,True,
HR_HR_HR_HR_HR,A+B+C+D+E,5,industrial,low,0.05,1.0,26.075393676757812,48.46117401123047,100.0,750.905791528072,422.7941502235198,0.20567375886524825,100.0,True,
LR_MR_HR_LR_MR,A,1,mixed,low,0.05,0.0,28.566904067993164,48.46117401123047,100.0,703.0262046839682,308.1329458424966,1.0,100.0,True,
LR_MR_HR_LR_MR,A,1,mixed,low,0.05,0.25,28.641260147094727,48.461387634277344,100.0,703.1662498790755,309.89240191540574,0.861231277777155,100.0,True,
LR_MR_HR_LR_MR,A,1,mixed,low,0.05,0.5,28.668190002441406,48.46162796020508,100.0,702.9831303325823,311.41736962447993,0.7311997302854057,100.0,True,
LR_MR_HR_LR_MR,A,1,mixed,low,0.05,0.75,28.5250301361084,48.46189498901367,100.0,707.5454923212887,312.6715876959675,0.6113330606689262,100.0,True,
LR_MR_HR_LR_MR,A,1,mixed,low,0.05,1.0,28.399839401245117,48.46219253540039,100.0,711.6082631607247,313.6290441438848,0.5028106016450046,100.0,True,
LR_MR_HR_LR_MR,A,1,commercial,low,0.05,0.0,28.59326934814453,48.46117401123047,100.0,702.4145846742589,307.8433375342311,1.0,100.0,True,
LR_MR_HR_LR_MR,A,1,commercial,low,0.05,0.25,28.648698806762695,48.461387634277344,100.0,702.9937401477945,310.78075341993525,0.861231277777155,100.0,True,
LR_MR_HR_LR_MR,A,1,commercial,low,0.05,0.5,28.571191787719727,48.46162796020508,100.0,705.0322413838662,313.7021960742662,0.7311997302854057,100.0,True,
LR_MR_HR_LR_MR,A,1,commercial,low,0.05,0.75,28.2510929107666,48.46189498901367,100.0,713.8390894436291,316.5414005307129,0.6113330606689262,100.0,True,
LR_MR_HR_LR_MR,A,1,commercial,low,0.05,1.0,27.92816925048828,48.46219253540039,100.0,722.3636659692339,319.22173054325475,0.5028106016450046,100.0,True,
LR_MR_HR_LR_MR,A,1,industrial,low,0.05,0.0,28.62312889099121,48.46117401123047,100.0,701.7214184091841,307.8017531472902,1.0,100.0,True,
LR_MR_HR_LR_MR,A,1,industrial,low,0.05,0.25,28.643848419189453,48.461387634277344,100.0,703.1062006627614,313.6578088572802,0.861231277777155,100.0,True,
LR_MR_HR_LR_MR,A,1,industrial,low,0.05,0.5,28.095354080200195,48.46162796020508,100.0,715.9670341104712,321.35436596960204,0.7311997302854057,100.0,True,
LR_MR_HR_LR_MR,A,1,industrial,low,0.05,0.75,27.10361671447754,48.46189498901367,100.0,739.7044222936943,331.55222693398053,0.6113330606689262,100.0,True,
LR_MR_HR_LR_MR,A,1,industrial,low,0.05,1.0,25.74098777770996,48.46219253540039,100.0,770.5556868175536,345.05679336418444,0.5028106016450046,100.0,True,
LR_MR_HR_LR_MR,B,1,mixed,low,0.05,0.0,29.828474044799805,48.4715576171875,100.0,676.2334287105667,302.6411252390407,1.0,100.0,True,
LR_MR_HR_LR_MR,B,1,mixed,low,0.05,0.25,29.938215255737305,48.471580505371094,100.0,675.5273581826901,304.1022422040216,0.861231277777155,100.0,True,
LR_MR_HR_LR_MR,B,1,mixed,low,0.05,0.5,30.030614852905273,48.471439361572266,100.0,675.0651303289134,305.6700722505614,0.7311997302854057,100.0,True,
LR_MR_HR_LR_MR,B,1,mixed,low,0.05,0.75,30.104047775268555,48.471134185791016,100.0,674.8378457086892,307.2780278453424,0.6113330606689262,100.0,True,
LR_MR_HR_LR_MR,B,1,mixed,low,0.05,1.0,30.158905029296875,48.47066879272461,100.0,674.8237764140342,308.8505930957945,0.5028106016450046,100.0,True,
LR_MR_HR_LR_MR,B,1,commercial,low,0.05,0.0,29.99152374267578,48.47582244873047,100.0,672.6631482725394,300.98869954355905,1.0,100.0,True,
LR_MR_HR_LR_MR,B,1,commercial,low,0.05,0.25,29.985443115234375,48.47538375854492,100.0,674.4948314246225,309.29007826740497,0.861231277777155,100.0,True,
LR_MR_HR_LR_MR,B,1,commercial,low,0.05,0.5,29.937143325805664,48.474613189697266,100.0,677.1022167545851,318.9663084019497,0.7311997302854057,100.0,True,
LR_MR_HR_LR_MR,B,1,commercial,low,0.05,0.75,29.559288024902344,48.4734992980957,100.0,685.0840349647821,329.776555962155,0.6113330606689262,100.0,True,
LR_MR_HR_LR_MR,B,1,commercial,low,0.05,1.0,28.057024002075195,48.47206497192383,100.0,717.8651408307463,341.35137763001484,0.5028106016450046,100.0,True,
LR_MR_HR_LR_MR,B,1,industrial,low,0.05,0.0,30.152076721191406,48.46117401123047,100.0,670.2430393778542,300.9363617642165,1.0,100.0,True,
LR_MR_HR_LR_MR,B,1,industrial,low,0.05,0.25,29.93536949157715,48.461387634277344,100.0,675.5875519966927,326.2829306386841,0.861231277777155,100.0,True,
LR_MR_HR_LR_MR,B,1,industrial,low,0.05,0.5,27.88956642150879,48.46162796020508,100.0,718.9957631067863,363.82610248731686,0.7311997302854057,100.0,True,
LR_MR_HR_LR_MR,B,1,industrial,low,0.05,0.75,21.91217803955078,48.46189498901367,100.0,835.5983660946877,417.5611560388099,0.6113330606689262,100.0,True,
LR_MR_HR_LR_MR,B,1,industrial,low,0.05,1.0,11.391233444213867,48.46219253540039,100.0,998.7601286851651,492.2575675552468,0.5028106016450046,100.0,True,
LR_MR_HR_LR_MR,C,1,mixed,low,0.05,0.0,28.65449333190918,48.4619140625,100.0,701.8578336353193,307.4881037273271,1.0,100.0,True,
LR_MR_HR_LR_MR,C,1,mixed,low,0.05,0.25,28.94838523864746,48.46409225463867,100.0,697.5047119202919,302.6437025499263,0.861231277777155,100.0,True,
LR_MR_HR_LR_MR,C,1,mixed,low,0.05,0.5,29.286666870117188,48.46672058105469,100.0,692.1291453936384,296.44272494245905,0.7311997302854057,100.0,True,
LR_MR_HR_LR_MR,C,1,mixed,low,0.05,0.75,29.66876220703125,48.469757080078125,100.0,685.6899529906494,288.8158705946095,0.6113330606689262,100.0,True,
LR_MR_HR_LR_MR,C,1,mixed,low,0.05,1.0,29.986717224121094,48.47315216064453,100.0,680.4024728826653,279.7807402061679,0.5028106016450046,100.0,True,
LR_MR_HR_LR_MR,C,1,commercial,low,0.05,0.0,28.719436645507812,48.46357345581055,100.0,700.5819112109584,306.9294151842158,1.0,100.0,True,
LR_MR_HR_LR_MR,C,1,commercial,low,0.05,0.25,28.968551635742188,48.46552276611328,100.0,697.1072992111386,304.4211537020447,0.861231277777155,100.0,True,
LR_MR_HR_LR_MR,C,1,commercial,low,0.05,0.5,29.25301742553711,48.467864990234375,100.0,692.7954926571117,300.98929851704906,0.7311997302854057,100.0,True,
LR_MR_HR_LR_MR,C,1,commercial,low,0.05,0.75,29.573610305786133,48.47056198120117,100.0,687.5842180688899,296.50503286988857,0.6113330606689262,100.0,True,
LR_MR_HR_LR_MR,C,1,commercial,low,0.05,1.0,29.929651260375977,48.473594665527344,100.0,681.4609789743816,290.8855750360355,0.5028106016450046,100.0,True,
LR_MR_HR_LR_MR,C,1,industrial,low,0.05,0.0,28.78829574584961,48.46117401123047,100.0,699.2268503431451,306.83670959612857,1.0,100.0,True,
LR_MR_HR_LR_MR,C,1,industrial,low,0.05,0.25,28.955482482910156,48.461387634277344,100.0,697.3655031901741,310.1119438832526,0.861231277777155,100.0,True,
LR_MR_HR_LR_MR,C,1,industrial,low,0.05,0.5,29.099571228027344,48.46162796020508,100.0,695.8266208117752,316.14283344413366,0.7311997302854057,100.0,True,
LR_MR_HR_LR_MR,C,1,industrial,low,0.05,0.75,29.19810676574707,48.46189498901367,100.0,695.0152062943913,326.24149681420545,0.6113330606689262,100.0,True,
LR_MR_HR_LR_MR,C,1,industrial,low,0.05,1.0,29.22190284729004,48.46219253540039,100.0,695.4861400645,342.07320711837787,0.5028106016450046,100.0,True,
LR_MR_HR_LR_MR,D,1,mixed,low,0.05,0.0,29.713598251342773,48.46653747558594,100.0,683.3975178324469,304.99397436855776,1.0,100.0,True,
LR_MR_HR_LR_MR,D,1,mixed,low,0.05,0.25,29.504199981689453,48.464115142822266,100.0,688.2974323104,311.69398499867384,0.861231277777155,100.0,True,
LR_MR_HR_LR_MR,D,1,mixed,low,0.05,0.5,29.100799560546875,48.46186065673828,100.0,697.1433578634718,317.56350154266346,0.7311997302854057,100.0,True,
LR_MR_HR_LR_MR,D,1,mixed,low,0.05,0.75,28.02689552307129,48.46189498901367,100.0,717.0945188420536,322.4689539202347,0.6113330606689262,100.0,True,
LR_MR_HR_LR_MR,D,1,mixed,low,0.05,1.0,27.111530303955078,48.46219253540039,100.0,733.53866153486,326.3122063032868,0.5028106016450046,100.0,True,
LR_MR_HR_LR_MR,D,1,commercial,low,0.05,0.0,29.845455169677734,48.469478607177734,100.0,680.9975589764904,303.9471071163514,1.0,100.0,True,
LR_MR_HR_LR_MR,D,1,commercial,low,0.05,0.25,29.54508399963379,48.46681594848633,100.0,687.5564412427518,315.0473103212309,0.861231277777155,100.0,True,
LR_MR_HR_LR_MR,D,1,commercial,low,0.05,0.5,28.65635871887207,48.46416091918945,100.0,704.652400051253,326.13242266923123,0.7311997302854057,100.0,True,
LR_MR_HR_LR_MR,D,1,commercial,low,0.05,0.75,26.660682678222656,48.46189498901367,100.0,740.2664261476518,336.95677012308033,0.6113330606689262,100.0,True,
LR_MR_HR_LR_MR,D,1,commercial,low,0.05,1.0,24.687349319458008,48.46219253540039,100.0,773.9996742010985,347.23315121059414,0.5028106016450046,100.0,True,
LR_MR_HR_LR_MR,D,1,industrial,low,0.05,0.0,29.974010467529297,48.46117401123047,100.0,678.6523229137229,303.9018743490075,1.0,100.0,True,
LR_MR_HR_LR_MR,D,1,industrial,low,0.05,0.25,29.500202178955078,48.461387634277344,100.0,688.3738085246972,325.9609376274655,0.861231277777155,100.0,True,
LR_MR_HR_LR_MR,D,1,industrial,low,0.05,0.5,26.449344635009766,48.46162796020508,100.0,740.9844930854068,354.96335111618293,0.7311997302854057,100.0,True,
LR_MR_HR_LR_MR,D,1,industrial,low,0.05,0.75,20.807918548583984,48.46189498901367,100.0,832.1883505474141,393.38732987900147,0.6113330606689262,100.0,True,
LR_MR_HR_LR_MR,D,1,industrial,low,0.05,1.0,12.652938842773438,48.46219253540039,100.0,949.1424081304963,444.25007814253297,0.5028106016450046,100.0,True,
LR_MR_HR_LR_MR,E,1,mixed,low,0.05,0.0,30.096839904785156,48.468231201171875,100.0,676.9694425949182,304.1388428123912,1.0,100.0,True,
LR_MR_HR_LR_MR,E,1,mixed,low,0.05,0.25,30.201887130737305,48.46829605102539,100.0,676.1236618034293,305.27028089734614,0.861231277777155,100.0,True,
LR_MR_HR_LR_MR,E,1,mixed,low,0.05,0.5,30.285680770874023,48.468231201171875,100.0,675.5110251002731,306.47964784892685,0.7311997302854057,100.0,True,
LR_MR_HR_LR_MR,E,1,mixed,low,0.05,0.75,30.34821891784668,48.46804428100586,100.0,675.1288432111887,307.7149553278327,0.6113330606689262,100.0,True,
LR_MR_HR_LR_MR,E,1,mixed,low,0.05,1.0,30.387969970703125,48.467742919921875,100.0,674.9624080310554,308.91757097971544,0.5028106016450046,100.0,True,
LR_MR_HR_LR_MR,E,1,commercial,low,0.05,0.0,30.25483512878418,48.47161102294922,100.0,674.1227188822746,302.86790741232767,1.0,100.0,True,
LR_MR_HR_LR_MR,E,1,commercial,low,0.05,0.25,30.249122619628906,48.471290588378906,100.0,675.2696638900338,309.3144948344214,0.861231277777155,100.0,True,
LR_MR_HR_LR_MR,E,1,commercial,low,0.05,0.5,30.199893951416016,48.4707145690918,100.0,677.0682688238846,316.8241172117005,0.7311997302854057,100.0,True,
LR_MR_HR_LR_MR,E,1,commercial,low,0.05,0.75,30.01715850830078,48.469879150390625,100.0,682.3234958211785,325.2093763939426,0.6113330606689262,100.0,True,
LR_MR_HR_LR_MR,E,1,commercial,low,0.05,1.0,28.809694290161133,48.46879196166992,100.0,703.8371291513075,334.18325378030454,0.5028106016450046,100.0,True,
LR_MR_HR_LR_MR,E,1,industrial,low,0.05,0.0,30.40566062927246,48.46117401123047,100.0,671.3944069757932,303.08595430237574,1.0,100.0,True,
LR_MR_HR_LR_MR,E,1,industrial,low,0.05,0.25,30.1873722076416,48.461387634277344,100.0,676.3886917217815,322.90611524831803,0.861231277777155,100.0,True,
LR_MR_HR_LR_MR,E,1,industrial,low,0.05,0.5,28.80477523803711,48.46162796020508,100.0,701.9592148019454,352.2541480660558,0.7311997302854057,100.0,True,
LR_MR_HR_LR_MR,E,1,industrial,low,0.05,0.75,23.34202003479004,48.46189498901367,100.0,792.7565349560485,394.25363402186673,0.6113330606689262,100.0,True,
LR_MR_HR_LR_MR,E,1,industrial,low,0.05,1.0,14.52334213256836,48.46219253540039,100.0,920.5927573888325,452.63407980153636,0.5028106016450046,100.0,True,
LR_MR_HR_LR_MR,A+D,2,mixed,low,0.05,0.0,29.858787536621094,48.46906280517578,100.0,679.9412282543035,304.06561096575473,1.0,100.0,True,
LR_MR_HR_LR_MR,A+D,2,mixed,low,0.05,0.25,29.599143981933594,48.46611785888672,100.0,686.0526994806835,312.5435551268992,0.861231277777155,100.0,True,
LR_MR_HR_LR_MR,A+D,2,mixed,low,0.05,0.5,29.08836555480957,48.463462829589844,100.0,696.6637453942817,319.97472127753804,0.7311997302854057,100.0,True,
LR_MR_HR_LR_MR,A+D,2,mixed,low,0.05,0.75,27.787019729614258,48.46189498901367,100.0,721.7133213914155,326.19022512917235,0.6113330606689262,100.0,True,
LR_MR_HR_LR_MR,A+D,2,mixed,low,0.05,1.0,26.686819076538086,48.46219253540039,100.0,742.3227973262857,331.06578456445243,0.5028106016450046,100.0,True,
LR_MR_HR_LR_MR,A+D,2,commercial,low,0.05,0.0,30.01576042175293,48.47260665893555,100.0,676.9296493886378,302.7291354052829,1.0,100.0,True,
LR_MR_HR_LR_MR,A+D,2,commercial,low,0.05,0.25,29.647218704223633,48.4693603515625,100.0,685.1391986817542,316.78523195398583,0.861231277777155,100.0,True,
LR_MR_HR_LR_MR,A+D,2,commercial,low,0.05,0.5,28.535640716552734,48.46617889404297,100.0,706.5920305734425,330.8284688538922,0.7311997302854057,100.0,True,
LR_MR_HR_LR_MR,A+D,2,commercial,low,0.05,0.75,26.128215789794922,48.46316146850586,100.0,751.3510314728956,344.5478541667633,0.6113330606689262,100.0,True,
LR_MR_HR_LR_MR,A+D,2,commercial,low,0.05,1.0,23.731924057006836,48.46219253540039,100.0,793.7073871940445,357.5794158711296,0.5028106016450046,100.0,True,
LR_MR_HR_LR_MR,A+D,2,industrial,low,0.05,0.0,30.172658920288086,48.46117401123047,100.0,673.8912470607955,302.64231825099796,1.0,100.0,True,
LR_MR_HR_LR_MR,A+D,2,industrial,low,0.05,0.25,29.597692489624023,48.461387634277344,100.0,686.0690264786665,330.57591469756545,0.861231277777155,100.0,True,
LR_MR_HR_LR_MR,A+D,2,industrial,low,0.05,0.5,25.82522201538086,48.46162796020508,100.0,754.7142535331205,367.3115671961796,0.7311997302854057,100.0,True,
LR_MR_HR_LR_MR,A+D,2,industrial,low,0.05,0.75,18.898630142211914,48.46189498901367,100.0,869.8117644787883,415.989240325952,0.6113330606689262,100.0,True,
LR_MR_HR_LR_MR,A+D,2,industrial,low,0.05,1.0,8.726324081420898,48.46219253540039,99.54698693636746,1017.5532582917677,480.431405623998,0.5028106016450046,100.0,True,
LR_MR_HR_LR_MR,A+B+C+D+E,5,mixed,low,0.05,0.0,29.434520721435547,48.491764068603516,100.0,687.3002485058516,291.14975500861476,1.0,100.0,True,
LR_MR_HR_LR_MR,A+B+C+D+E,5,mixed,low,0.05,0.25,28.015851974487305,48.49114990234375,100.0,714.4601309603764,297.4312854166521,0.861231277777155,100.0,True,
LR_MR_HR_LR_MR,A+B+C+D+E,5,mixed,low,0.05,0.5,27.066316604614258,48.49074172973633,100.0,732.1572105648506,301.5487166506695,0.7311997302854057,100.0,True,
LR_MR_HR_LR_MR,A+B+C+D+E,5,mixed,low,0.05,0.75,26.702213287353516,48.49058151245117,100.0,738.847278147714,303.1481294358672,0.6113330606689262,100.0,True,
LR_MR_HR_LR_MR,A+B+C+D+E,5,mixed,low,0.05,1.0,26.994577407836914,48.49070739746094,100.0,733.4794786683268,301.9882911979722,0.5028106016450046,100.0,True,
LR_MR_HR_LR_MR,A+B+C+D+E,5,commercial,low,0.05,0.0,21.34928321838379,48.49740219116211,100.0,832.0592372747216,286.3312298094863,1.0,100.0,True,
LR_MR_HR_LR_MR,A+B+C+D+E,5,commercial,low,0.05,0.25,12.058281898498535,48.49651336669922,100.0,975.3798338258915,312.6824633963158,0.861231277777155,100.0,True,
LR_MR_HR_LR_MR,A+B+C+D+E,5,commercial,low,0.05,0.5,0.865273118019104,48.49543762207031,94.49887624666385,1127.1641464959202,340.5897433157755,0.7311997302854057,100.0,False,"V3_floor,V4_band"
LR_MR_HR_LR_MR,A+B+C+D+E,5,industrial,low,0.05,0.0,30.670175552368164,48.46117401123047,100.0,662.8970103386353,286.3174161778197,1.0,100.0,True,
LR_MR_HR_LR_MR,A+B+C+D+E,5,industrial,low,0.05,0.25,30.770978927612305,48.461387634277344,100.0,662.1225850512501,362.748409106279,0.861231277777155,100.0,True,
LR_MR_HR_LR_MR,A+B+C+D+E,5,industrial,low,0.05,0.5,18.434846878051758,48.46162796020508,100.0,879.717084657189,472.51620152487016,0.7311997302854057,100.0,True,
LR_MR_HR_LR_MR,A+B+C+D+E,5,industrial,low,0.05,0.75,-11.820838928222656,48.46189498901367,86.80818935243714,1281.2345450877258,627.1945777397443,0.6113330606689262,100.0,False,"V3_floor,V4_band"
LI_LR_LR_LR_LI,A,1,mixed,low,0.05,0.0,34.58977127075195,48.27803039550781,100.0,585.9581487767374,300.60983498771037,1.0,100.0,True,
LI_LR_LR_LR_LI,A,1,mixed,low,0.05,0.25,36.69493103027344,48.172630310058594,100.0,532.3730690270598,293.26661405182074,0.8060156772830037,100.0,True,
LI_LR_LR_LR_LI,A,1,mixed,low,0.05,0.5,38.61317825317383,48.04256820678711,100.0,478.56594739005243,284.94301925911,0.6024388821916702,100.0,True,
LI_LR_LR_LR_LI,A,1,mixed,low,0.05,0.75,40.190731048583984,47.90961837768555,100.0,429.6706956998529,276.8995102790689,0.418365999902932,100.0,True,
LI_LR_LR_LR_LI,A,1,mixed,low,0.05,1.0,41.324928283691406,47.79405975341797,100.0,390.87216212671103,270.14155007468923,0.27303816109956447,100.0,True,
LI_LR_LR_LR_LI,A,1,commercial,low,0.05,0.0,34.724098205566406,48.2799072265625,100.0,582.7607420004525,300.32022667944483,1.0,100.0,True,
LI_LR_LR_LR_LI,A,1,commercial,low,0.05,0.25,36.70042037963867,48.174495697021484,100.0,532.2117975427884,294.09797852486014,0.8060156772830037,100.0,True,
LI_LR_LR_LR_LI,A,1,commercial,low,0.05,0.5,38.60397720336914,48.04421615600586,100.0,478.8619108955091,286.8253764950021,0.6024388821916702,100.0,True,
LI_LR_LR_LR_LI,A,1,commercial,low,0.05,0.75,40.171844482421875,47.91075897216797,100.0,430.33642269343324,279.54754718694136,0.418365999902932,100.0,True,
LI_LR_LR_LR_LI,A,1,commercial,low,0.05,1.0,41.30147171020508,47.79462432861328,100.0,391.76805559775227,273.1780572597068,0.27303816109956447,100.0,True,
LI_LR_LR_LR_LI,A,1,industrial,low,0.05,0.0,34.74956130981445,48.2241096496582,100.0,582.0675757353778,300.2786422925039,1.0,100.0,True,
LI_LR_LR_LR_LI,A,1,industrial,low,0.05,0.25,36.69686508178711,48.07316970825195,100.0,532.316170467293,296.79070778412756,0.8060156772830037,100.0,True,
LI_LR_LR_LR_LI,A,1,industrial,low,0.05,0.5,38.565677642822266,47.88284683227539,100.0,480.09240220068847,293.1303745537267,0.6024388821916702,100.0,True,
LI_LR_LR_LR_LI,A,1,industrial,low,0.05,0.75,40.10007095336914,47.68339538574219,100.0,432.85848784034675,289.8207708307807,0.418365999902932,100.0,True,
LI_LR_LR_LR_LI,A,1,industrial,low,0.05,1.0,41.20188903808594,47.507972717285156,100.0,395.55278593273,287.2078210518654,0.27303816109956447,100.0,True,
LI_LR_LR_LR_LI,B,1,mixed,low,0.05,0.0,35.935176849365234,48.25117111206055,100.0,553.9535900639825,293.94432131740194,1.0,100.0,True,
LI_LR_LR_LR_LI,B,1,mixed,low,0.05,0.25,37.44008255004883,48.094608306884766,100.0,512.1059454557815,300.6937172153889,0.8060156772830037,100.0,True,
LI_LR_LR_LR_LI,B,1,mixed,low,0.05,0.5,38.306610107421875,47.895931243896484,100.0,489.58905370375294,304.1946931111885,0.6024388821916702,100.0,True,
LI_LR_LR_LR_LI,B,1,mixed,low,0.05,0.75,38.31870651245117,47.687896728515625,100.0,489.0188377012528,304.35767307245305,0.418365999902932,100.0,True,
LI_LR_LR_LR_LI,B,1,mixed,low,0.05,1.0,38.45172882080078,47.507972717285156,100.0,479.6678705669527,302.1211714824685,0.27303816109956447,100.0,True,
LI_LR_LR_LR_LI,B,1,commercial,low,0.05,0.0,35.95176315307617,48.2629280090332,100.0,553.9535900639825,292.2918956219202,1.0,100.0,True,
LI_LR_LR_LR_LI,B,1,commercial,low,0.05,0.25,36.03639602661133,48.10688018798828,100.0,554.2367015103735,305.5489292380976,0.8060156772830037,100.0,True,
LI_LR_LR_LR_LI,B,1,commercial,low,0.05,0.5,34.31366729736328,47.90670394897461,100.0,596.3101045971492,315.1494437309238,0.6024388821916702,100.0,True,
LI_LR_LR_LR_LI,B,1,commercial,low,0.05,0.75,33.476531982421875,47.695472717285156,100.0,614.9612813285593,319.75435925663527,0.418365999902932,100.0,True,
LI_LR_LR_LR_LI,B,1,commercial,low,0.05,1.0,33.509735107421875,47.50983428955078,100.0,609.9331719439206,319.76954317389544,0.27303816109956447,100.0,True,
LI_LR_LR_LR_LI,B,1,industrial,low,0.05,0.0,35.95176315307617,48.2241096496582,100.0,553.9535900639825,292.2395578425777,1.0,100.0,True,
LI_LR_LR_LR_LI,B,1,industrial,low,0.05,0.25,37.438026428222656,48.07316970825195,100.0,512.161050563561,321.45243806269093,0.8060156772830037,100.0,True,
LI_LR_LR_LR_LI,B,1,industrial,low,0.05,0.5,36.304630279541016,47.88284683227539,100.0,543.7085627443156,352.1099266324511,0.6024388821916702,100.0,True,
LI_LR_LR_LR_LI,B,1,industrial,low,0.05,0.75,33.453792572021484,47.68339538574219,100.0,615.1413736568243,379.83025984687646,0.418365999902932,100.0,True,
LI_LR_LR_LR_LI,B,1,industrial,low,0.05,1.0,30.250253677368164,47.507972717285156,100.0,683.6396540926864,401.71581705025983,0.27303816109956447,100.0,True,
LI_LR_LR_LR_LI,C,1,mixed,low,0.05,0.0,34.949485778808594,48.22635269165039,100.0,577.4613775181854,298.79182597252446,1.0,100.0,True,
LI_LR_LR_LR_LI,C,1,mixed,low,0.05,0.25,36.79015350341797,48.073394775390625,100.0,530.0175305989222,298.7012260083621,0.8060156772830037,100.0,True,
LI_LR_LR_LR_LI,C,1,mixed,low,0.05,0.5,38.582542419433594,47.88284683227539,100.0,479.6613105343443,297.3832212668184,0.6024388821916702,100.0,True,
LI_LR_LR_LR_LI,C,1,mixed,low,0.05,0.75,39.97232437133789,47.68339538574219,100.0,436.4132027977856,295.1664335225886,0.418365999902932,100.0,True,
LI_LR_LR_LR_LI,C,1,mixed,low,0.05,1.0,40.6865234375,47.507972717285156,100.0,407.756188131603,292.6087986857368,0.27303816109956447,100.0,True,
LI_LR_LR_LR_LI,C,1,commercial,low,0.05,0.0,35.00434112548828,48.23048782348633,100.0,576.1854550938248,298.2331374294132,1.0,100.0,True,
LI_LR_LR_LR_LI,C,1,commercial,low,0.05,0.25,36.80506896972656,48.07761001586914,100.0,529.6453978066678,300.3647198091687,0.8060156772830037,100.0,True,
LI_LR_LR_LR_LI,C,1,commercial,low,0.05,0.5,38.562313079833984,47.88447952270508,100.0,480.2095824344392,301.12915774010395,0.6024388821916702,100.0,True,
LI_LR_LR_LR_LI,C,1,commercial,low,0.05,0.75,39.458065032958984,47.68339538574219,100.0,449.2600053458141,300.42849394042577,0.418365999902932,100.0,True,
LI_LR_LR_LR_LI,C,1,commercial,low,0.05,1.0,39.21006393432617,47.507972717285156,100.0,448.26568016037265,298.6389485428917,0.27303816109956447,100.0,True,
LI_LR_LR_LR_LI,C,1,industrial,low,0.05,0.0,35.06248474121094,48.2241096496582,100.0,574.8303942260113,298.14043184132595,1.0,100.0,True,
LI_LR_LR_LR_LI,C,1,industrial,low,0.05,0.25,36.795379638671875,48.07316970825195,100.0,529.8876828527791,305.6906891891052,0.8060156772830037,100.0,True,
LI_LR_LR_LR_LI,C,1,industrial,low,0.05,0.5,37.888587951660156,47.88284683227539,100.0,497.6384127479902,313.61431008021617,0.6024388821916702,100.0,True,
LI_LR_LR_LR_LI,C,1,industrial,low,0.05,0.75,38.387451171875,47.68339538574219,100.0,480.75615185089737,320.7788064138928,0.418365999902932,100.0,True,
LI_LR_LR_LR_LI,C,1,industrial,low,0.05,1.0,38.25096893310547,47.507972717285156,100.0,474.62265759832815,326.43527393077125,0.27303816109956447,100.0,True,
LI_LR_LR_LR_LI,D,1,mixed,low,0.05,0.0,35.82101058959961,48.237022399902344,100.0,559.0589979803018,296.297252471192,1.0,100.0,True,
LI_LR_LR_LR_LI,D,1,mixed,low,0.05,0.25,37.397525787353516,48.082427978515625,100.0,516.3873084231076,299.3919946603242,0.8060156772830037,100.0,True,
LI_LR_LR_LR_LI,D,1,mixed,low,0.05,0.5,38.61854553222656,47.8871955871582,100.0,479.27597962127646,300.3367447934793,0.6024388821916702,100.0,True,
LI_LR_LR_LR_LI,D,1,mixed,low,0.05,0.75,39.07467269897461,47.68339538574219,100.0,450.66818822509066,299.26055958845836,0.418365999902932,100.0,True,
LI_LR_LR_LR_LI,D,1,mixed,low,0.05,1.0,39.060028076171875,47.507972717285156,100.0,441.49379038025273,296.89023952738626,0.27303816109956447,100.0,True,
LI_LR_LR_LR_LI,D,1,commercial,low,0.05,0.0,35.92987060546875,48.244529724121094,100.0,556.6590391243453,295.25038521898574,1.0,100.0,True,
LI_LR_LR_LR_LI,D,1,commercial,low,0.05,0.25,37.42740249633789,48.09013366699219,100.0,515.693566061927,302.53038191296605,0.8060156772830037,100.0,True,
LI_LR_LR_LR_LI,D,1,commercial,low,0.05,0.5,36.440921783447266,47.89387512207031,100.0,507.6947612759336,307.3968808431166,0.6024388821916702,100.0,True,
LI_LR_LR_LR_LI,D,1,commercial,low,0.05,0.75,35.5080451965332,47.68766784667969,100.0,524.0323347328342,309.1756205922966,0.418365999902932,100.0,True,
LI_LR_LR_LR_LI,D,1,commercial,low,0.05,1.0,35.320255279541016,47.507972717285156,100.0,525.1398067693049,308.25130264753494,0.27303816109956447,100.0,True,
LI_LR_LR_LR_LI,D,1,industrial,low,0.05,0.0,35.95176315307617,48.2241096496582,100.0,554.3138030615779,295.20515245164177,1.0,100.0,True,
LI_LR_LR_LR_LI,D,1,industrial,low,0.05,0.25,37.39461898803711,48.07316970825195,100.0,516.4584929925205,312.744210994921,0.8060156772830037,100.0,True,
LI_LR_LR_LR_LI,D,1,industrial,low,0.05,0.5,37.089866638183594,47.88284683227539,100.0,515.1283739270003,331.15054794388493,0.6024388821916702,100.0,True,
LI_LR_LR_LR_LI,D,1,industrial,low,0.05,0.75,35.688697814941406,47.68339538574219,100.0,527.1513846062963,347.7934326806458,0.418365999902932,100.0,True,
LI_LR_LR_LR_LI,D,1,industrial,low,0.05,1.0,33.167354583740234,47.507972717285156,100.0,568.8819435474561,360.93319480248107,0.27303816109956447,100.0,True,
LI_LR_LR_LR_LI,E,1,mixed,low,0.05,0.0,33.009002685546875,48.442543029785156,100.0,615.6982298861888,300.99709489376727,1.0,100.0,True,
LI_LR_LR_LR_LI,E,1,mixed,low,0.05,0.25,36.7369384765625,48.44104766845703,100.0,531.4558167611938,279.81574335323256,0.8060156772830037,100.0,True,
LI_LR_LR_LR_LI,E,1,mixed,low,0.05,0.5,38.919105529785156,48.44012451171875,100.0,471.6965337322096,254.80463547220967,0.6024388821916702,100.0,True,
LI_LR_LR_LR_LI,E,1,mixed,low,0.05,0.75,40.58095932006836,48.439849853515625,100.0,418.8777577000242,229.85755683537042,0.418365999902932,100.0,True,
LI_LR_LR_LR_LI,E,1,mixed,low,0.05,1.0,41.52316665649414,48.4400749206543,100.0,385.2440747534021,208.3243984031308,0.27303816109956447,100.0,True,
LI_LR_LR_LR_LI,E,1,commercial,low,0.05,0.0,33.957340240478516,48.44701385498047,100.0,596.8970667188912,299.7261594937036,1.0,100.0,True,
LI_LR_LR_LR_LI,E,1,commercial,low,0.05,0.25,36.77307891845703,48.44480895996094,100.0,530.6566338415287,283.6006913022032,0.8060156772830037,100.0,True,
LI_LR_LR_LR_LI,E,1,commercial,low,0.05,0.5,38.86570358276367,48.4428825378418,100.0,472.98002536177785,263.32754077099185,0.6024388821916702,100.0,True,
LI_LR_LR_LR_LI,E,1,commercial,low,0.05,0.75,40.58095932006836,48.4415397644043,100.0,419.5741782855281,241.82995231263817,0.418365999902932,100.0,True,
LI_LR_LR_LR_LI,E,1,commercial,low,0.05,1.0,41.52316665649414,48.44083786010742,100.0,385.2440747534021,222.04437689338354,0.27303816109956447,100.0,True,
LI_LR_LR_LR_LI,E,1,industrial,low,0.05,0.0,34.77169418334961,48.2241096496582,100.0,581.6245906242526,299.94420638375175,1.0,100.0,True,
LI_LR_LR_LR_LI,E,1,industrial,low,0.05,0.25,36.72586441040039,48.07316970825195,100.0,531.7029699952204,296.32092935931325,0.8060156772830037,100.0,True,
LI_LR_LR_LR_LI,E,1,industrial,low,0.05,0.5,38.600582122802734,47.88284683227539,100.0,479.3016753926949,292.51853692751155,0.6024388821916702,100.0,True,
LI_LR_LR_LR_LI,E,1,industrial,low,0.05,0.75,40.13933181762695,47.68339538574219,100.0,431.9079045195639,289.08046979481577,0.418365999902932,100.0,True,
LI_LR_LR_LR_LI,E,1,industrial,low,0.05,1.0,41.243953704833984,47.507972717285156,100.0,394.4763275942407,286.36608931651415,0.27303816109956447,100.0,True,
LI_LR_LR_LR_LI,A+D,2,mixed,low,0.05,0.0,35.77739334106445,48.299163818359375,100.0,560.2873855804972,296.5425001109685,1.0,100.0,True,
LI_LR_LR_LR_LI,A+D,2,mixed,low,0.05,0.25,37.39875793457031,48.190284729003906,100.0,516.3501384690165,295.74787392803375,0.8060156772830037,100.0,True,
LI_LR_LR_LR_LI,A+D,2,mixed,low,0.05,0.5,38.967647552490234,48.055198669433594,100.0,468.9162780122012,291.9936739088948,0.6024388821916702,100.0,True,
LI_LR_LR_LR_LI,A+D,2,mixed,low,0.05,0.75,39.717559814453125,47.91653823852539,100.0,428.29328789929383,286.15136104784176,0.418365999902932,100.0,True,
LI_LR_LR_LR_LI,A+D,2,mixed,low,0.05,1.0,40.04698181152344,47.796409606933594,100.0,406.17824730181394,279.61061425734056,0.27303816109956447,100.0,True,
LI_LR_LR_LR_LI,A+D,2,commercial,low,0.05,0.0,35.908058166503906,48.30740737915039,100.0,557.2758067148314,295.2060245504966,1.0,100.0,True,
LI_LR_LR_LR_LI,A+D,2,commercial,low,0.05,0.25,37.43397521972656,48.198646545410156,100.0,515.4951246235644,299.71762565371506,0.8060156772830037,100.0,True,
LI_LR_LR_LR_LI,A+D,2,commercial,low,0.05,0.5,36.10338592529297,48.06257629394531,100.0,517.9352181200512,300.9361671944242,0.6024388821916702,100.0,True,
LI_LR_LR_LR_LI,A+D,2,commercial,low,0.05,0.75,35.544193267822266,47.921630859375,100.0,522.4751105208763,298.7144589595524,0.418365999902932,100.0,True,
LI_LR_LR_LR_LI,A+D,2,commercial,low,0.05,1.0,35.7684326171875,47.798927307128906,100.0,511.8491949743828,294.0081845625068,0.27303816109956447,100.0,True,
LI_LR_LR_LR_LI,A+D,2,industrial,low,0.05,0.0,35.95176315307617,48.2241096496582,100.0,554.2374043869892,295.1192073962117,1.0,100.0,True,
LI_LR_LR_LR_LI,A+D,2,industrial,low,0.05,0.25,37.39773941040039,48.07316970825195,100.0,516.3644244786625,312.62418399493737,0.8060156772830037,100.0,True,
LI_LR_LR_LR_LI,A+D,2,industrial,low,0.05,0.5,37.089866638183594,47.88284683227539,100.0,515.1283739270003,330.9948323539172,0.6024388821916702,100.0,True,
LI_LR_LR_LR_LI,A+D,2,industrial,low,0.05,0.75,35.688697814941406,47.68339538574219,100.0,527.1513846062963,347.6054946917409,0.418365999902932,100.0,True,
LI_LR_LR_LR_LI,A+D,2,industrial,low,0.05,1.0,33.167354583740234,47.507972717285156,100.0,568.8819435474561,360.7198405096114,0.27303816109956447,100.0,True,
LI_LR_LR_LR_LI,A+B+C+D+E,5,mixed,low,0.05,0.0,29.434520721435547,48.491764068603516,100.0,687.3002485058516,289.1819802508603,1.0,100.0,True,
LI_LR_LR_LR_LI,A+B+C+D+E,5,mixed,low,0.05,0.25,30.38184928894043,48.49217224121094,100.0,668.6432709433914,284.22635615268393,0.8060156772830037,100.0,True,
LI_LR_LR_LR_LI,A+B+C+D+E,5,mixed,low,0.05,0.5,33.5283317565918,48.4935302734375,100.0,603.1978385245268,268.517953328028,0.6024388821916702,100.0,True,
LI_LR_LR_LR_LI,A+B+C+D+E,5,mixed,low,0.05,0.75,37.70344543457031,48.49533462524414,100.0,505.57904161394805,245.5068980191974,0.418365999902932,100.0,True,
LI_LR_LR_LR_LI,A+B+C+D+E,5,mixed,low,0.05,1.0,41.52316665649414,48.49700164794922,100.0,398.22722102413877,220.40145679447187,0.27303816109956447,100.0,True,
LI_LR_LR_LR_LI,A+B+C+D+E,5,commercial,low,0.05,0.0,21.34928321838379,48.49740219116211,100.0,832.0592372747216,284.3634550517317,1.0,100.0,True,
LI_LR_LR_LR_LI,A+B+C+D+E,5,commercial,low,0.05,0.25,16.267379760742188,48.49691390991211,100.0,912.8320482908986,298.4997616508511,0.8060156772830037,100.0,True,
LI_LR_LR_LR_LI,A+B+C+D+E,5,commercial,low,0.05,0.5,15.22629451751709,48.4968147277832,100.0,928.6363069020999,300.68403900536043,0.6024388821916702,100.0,True,
LI_LR_LR_LR_LI,A+B+C+D+E,5,commercial,low,0.05,0.75,18.524337768554688,48.49713134765625,100.0,877.7419653957328,290.70113801019517,0.418365999902932,100.0,True,
LI_LR_LR_LR_LI,A+B+C+D+E,5,commercial,low,0.05,1.0,24.430551528930664,48.49769592285156,100.0,779.6591265113487,272.1975271384727,0.27303816109956447,100.0,True,
LI_LR_LR_LR_LI,A+B+C+D+E,5,industrial,low,0.05,0.0,35.95176315307617,48.2241096496582,100.0,553.9535900639825,284.34964142006515,1.0,100.0,True,
LI_LR_LR_LR_LI,A+B+C+D+E,5,industrial,low,0.05,0.25,35.61723709106445,48.07316970825195,100.0,556.6840394377865,345.3560362537133,0.8060156772830037,100.0,True,
LI_LR_LR_LR_LI,A+B+C+D+E,5,industrial,low,0.05,0.5,27.497386932373047,47.88284683227539,100.0,724.8076958538912,409.3793355630125,0.6024388821916702,100.0,True,
LI_LR_LR_LR_LI,A+B+C+D+E,5,industrial,low,0.05,0.75,18.61775016784668,47.68339538574219,100.0,876.823293355233,467.26890428826954,0.418365999902932,100.0,True,
LI_LR_LR_LR_LI,A+B+C+D+E,5,industrial,low,0.05,1.0,10.603857040405273,47.507972717285156,100.0,996.8411145643523,512.9734947729518,0.27303816109956447,100.0,True,
HC_MI_LI_HR_LM,A,1,mixed,low,0.05,0.0,38.778038024902344,48.121978759765625,100.0,470.06978158600367,291.9219745943688,1.0,100.0,True,
HC_MI_LI_HR_LM,A,1,mixed,low,0.05,0.25,39.587379455566406,48.035457611083984,100.0,451.4766721841021,289.2738589262412,0.6532215569769076,100.0,True,
HC_MI_LI_HR_LM,A,1,mixed,low,0.05,0.5,40.24839782714844,47.94638442993164,100.0,435.3971066338684,287.0898190430839,0.4177751878643213,100.0,True,
HC_MI_LI_HR_LM,A,1,mixed,low,0.05,0.75,40.83127975463867,47.858524322509766,100.0,423.0221962584886,285.3615096715663,0.262243753868894,100.0,True,
HC_MI_LI_HR_LM,A,1,mixed,low,0.05,1.0,41.32966232299805,47.77492904663086,100.0,412.330933257511,284.0457717926867,0.16198418843664775,100.0,True,
HC_MI_LI_HR_LM,A,1,commercial,low,0.05,0.0,38.773780822753906,48.121978759765625,100.0,470.2088195755613,291.63236628610326,1.0,100.0,True,
HC_MI_LI_HR_LM,A,1,commercial,low,0.05,0.25,39.534027099609375,48.035457611083984,100.0,454.8380880283002,289.94753389604995,0.6532215569769076,100.0,True,
HC_MI_LI_HR_LM,A,1,commercial,low,0.05,0.5,40.20270919799805,47.94638442993164,100.0,440.4197179438061,288.3949992097473,0.4177751878643213,100.0,True,
HC_MI_LI_HR_LM,A,1,commercial,low,0.05,0.75,40.756046295166016,47.858524322509766,100.0,427.3412171483356,287.0211162458701,0.262243753868894,100.0,True,
HC_MI_LI_HR_LM,A,1,commercial,low,0.05,1.0,41.24020767211914,47.77492904663086,100.0,415.80304702409103,285.8469214416248,0.16198418843664775,100.0,True,
HC_MI_LI_HR_LM,A,1,industrial,low,0.05,0.0,39.10899353027344,48.121978759765625,100.0,460.31542123861857,291.59078189916227,1.0,100.0,True,
HC_MI_LI_HR_LM,A,1,industrial,low,0.05,0.25,39.58206558227539,48.035457611083984,100.0,450.2513232725957,292.1301648603525,0.6532215569769076,100.0,True,
HC_MI_LI_HR_LM,A,1,industrial,low,0.05,0.5,40.030731201171875,47.94638442993164,100.0,442.9332483559347,292.76785825397246,0.4177751878643213,100.0,True,
HC_MI_LI_HR_LM,A,1,industrial,low,0.05,0.75,40.44091033935547,47.858524322509766,100.0,435.574794795271,293.46119999441777,0.262243753868894,100.0,True,
HC_MI_LI_HR_LM,A,1,industrial,low,0.05,1.0,40.80763626098633,47.77492904663086,100.0,428.488534277026,294.1707759695395,0.16198418843664775,100.0,True,
HC_MI_LI_HR_LM,B,1,mixed,low,0.05,0.0,35.97420883178711,48.436710357666016,100.0,554.1468978299296,293.3889998433203,1.0,100.0,True,
HC_MI_LI_HR_LM,B,1,mixed,low,0.05,0.25,39.13548278808594,48.43278503417969,100.0,470.62255463372907,273.4762399417091,0.6532215569769076,100.0,True,
HC_MI_LI_HR_LM,B,1,mixed,low,0.05,0.5,40.48844528198242,48.42900085449219,100.0,431.9426366613893,255.61885307281435,0.4177751878643213,100.0,True,
HC_MI_LI_HR_LM,B,1,mixed,low,0.05,0.75,41.14423751831055,48.42548751831055,100.0,416.98802063529666,240.0632170948906,0.262243753868894,100.0,True,
HC_MI_LI_HR_LM,B,1,mixed,low,0.05,1.0,41.56216049194336,48.42233657836914,100.0,407.41874732723034,226.82651789779794,0.16198418843664775,100.0,True,
HC_MI_LI_HR_LM,B,1,commercial,low,0.05,0.0,34.099002838134766,48.44289779663086,100.0,600.8428690211772,291.73657414783867,1.0,100.0,True,
HC_MI_LI_HR_LM,B,1,commercial,low,0.05,0.25,36.950130462646484,48.437103271484375,100.0,535.3830242379535,277.41100952393583,0.6532215569769076,100.0,True,
HC_MI_LI_HR_LM,B,1,commercial,low,0.05,0.5,39.39789962768555,48.43177795410156,100.0,472.26602058251564,263.21555682921877,0.4177751878643213,100.0,True,
HC_MI_LI_HR_LM,B,1,commercial,low,0.05,0.75,41.04295349121094,48.42707061767578,100.0,419.6856612483969,249.71411858678368,0.262243753868894,100.0,True,
HC_MI_LI_HR_LM,B,1,commercial,low,0.05,1.0,41.56216049194336,48.42304229736328,100.0,407.41874732723034,237.29647014865142,0.16198418843664775,100.0,True,
HC_MI_LI_HR_LM,B,1,industrial,low,0.05,0.0,38.81697463989258,48.121978759765625,100.0,468.9074500177694,291.6842363684961,1.0,100.0,True,
HC_MI_LI_HR_LM,B,1,industrial,low,0.05,0.25,39.528926849365234,48.035457611083984,100.0,455.2016523090939,290.30003514687525,0.6532215569769076,100.0,True,
HC_MI_LI_HR_LM,B,1,industrial,low,0.05,0.5,40.128257751464844,47.94638442993164,100.0,441.84711173990087,288.8470943083502,0.4177751878643213,100.0,True,
HC_MI_LI_HR_LM,B,1,industrial,low,0.05,0.75,40.68844985961914,47.858524322509766,100.0,429.20565468570175,287.37186428252045,0.262243753868894,100.0,True,
HC_MI_LI_HR_LM,B,1,industrial,low,0.05,1.0,41.201019287109375,47.77492904663086,100.0,417.51320078394195,285.91279729973235,0.16198418843664775,100.0,True,
HC_MI_LI_HR_LM,C,1,mixed,low,0.05,0.0,37.901554107666016,48.24937057495117,100.0,493.6190343581897,292.6995973832163,1.0,100.0,True,
HC_MI_LI_HR_LM,C,1,mixed,low,0.05,0.25,39.31824493408203,48.19838333129883,100.0,461.28663421815185,285.33818162640694,0.6532215569769076,100.0,True,
HC_MI_LI_HR_LM,C,1,mixed,low,0.05,0.5,40.362648010253906,48.14613723754883,100.0,435.1148942543044,278.69721361828715,0.4177751878643213,100.0,True,
HC_MI_LI_HR_LM,C,1,mixed,low,0.05,0.75,40.943504333496094,48.09471893310547,100.0,421.35395335095257,272.88179653054783,0.262243753868894,100.0,True,
HC_MI_LI_HR_LM,C,1,mixed,low,0.05,1.0,41.4603157043457,48.0457878112793,100.0,409.06171577174604,267.91223810039014,0.16198418843664775,100.0,True,
HC_MI_LI_HR_LM,C,1,commercial,low,0.05,0.0,37.635528564453125,48.25336837768555,100.0,505.7872248501818,292.140908840105,1.0,100.0,True,
HC_MI_LI_HR_LM,C,1,commercial,low,0.05,0.25,39.075225830078125,48.201316833496094,100.0,473.2932751259692,286.68632967453675,0.6532215569769076,100.0,True,
HC_MI_LI_HR_LM,C,1,commercial,low,0.05,0.5,40.144813537597656,48.148101806640625,100.0,443.381857627938,281.2949097555404,0.4177751878643213,100.0,True,
HC_MI_LI_HR_LM,C,1,commercial,low,0.05,0.75,40.91690444946289,48.09587097167969,100.0,423.2187256880949,276.18018666331596,0.262243753868894,100.0,True,
HC_MI_LI_HR_LM,C,1,commercial,low,0.05,1.0,41.427059173583984,48.04631423950195,100.0,411.0339720171435,271.4896922119224,0.16198418843664775,100.0,True,
HC_MI_LI_HR_LM,C,1,industrial,low,0.05,0.0,38.77791976928711,48.121978759765625,100.0,470.07366829365156,292.0482032520178,1.0,100.0,True,
HC_MI_LI_HR_LM,C,1,industrial,low,0.05,0.25,39.43031692504883,48.035457611083984,100.0,457.19732964125177,291.0027510487227,0.6532215569769076,100.0,True,
HC_MI_LI_HR_LM,C,1,industrial,low,0.05,0.5,39.99565887451172,47.94638442993164,100.0,444.81858583428016,289.953154305925,0.4177751878643213,100.0,True,
HC_MI_LI_HR_LM,C,1,industrial,low,0.05,0.75,40.52271270751953,47.858524322509766,100.0,433.2764376606148,288.93648930027973,0.262243753868894,100.0,True,
HC_MI_LI_HR_LM,C,1,industrial,low,0.05,1.0,41.0012321472168,47.77492904663086,100.0,422.78130791262146,287.9804472963697,0.16198418843664775,100.0,True,
HC_MI_LI_HR_LM,D,1,mixed,low,0.05,0.0,35.21848678588867,48.13883590698242,100.0,553.9661763292161,288.1913367790276,1.0,100.0,True,
HC_MI_LI_HR_LM,D,1,mixed,low,0.05,0.25,37.556060791015625,48.05573654174805,100.0,507.845916611613,281.0304350755164,0.6532215569769076,100.0,True,
HC_MI_LI_HR_LM,D,1,mixed,low,0.05,0.5,39.26245880126953,47.96857833862305,100.0,470.25894475043333,275.684409724572,0.4177751878643213,100.0,True,
HC_MI_LI_HR_LM,D,1,mixed,low,0.05,0.75,40.4791145324707,47.881011962890625,100.0,440.9834500386498,272.01450813206543,0.262243753868894,100.0,True,
HC_MI_LI_HR_LM,D,1,mixed,low,0.05,1.0,41.18239974975586,47.79620361328125,100.0,419.17370083459645,269.7732960207984,0.16198418843664775,100.0,True,
HC_MI_LI_HR_LM,D,1,commercial,low,0.05,0.0,33.693580627441406,48.147762298583984,100.0,585.4167535124428,287.14446952682124,1.0,100.0,True,
HC_MI_LI_HR_LM,D,1,commercial,low,0.05,0.25,35.61006546020508,48.062355041503906,100.0,551.1977560755738,283.57402944683406,0.6532215569769076,100.0,True,
HC_MI_LI_HR_LM,D,1,commercial,low,0.05,0.5,37.200042724609375,47.973052978515625,100.0,519.8804009825988,280.5806686302862,0.4177751878643213,100.0,True,
HC_MI_LI_HR_LM,D,1,commercial,low,0.05,0.75,38.48835754394531,47.883663177490234,100.0,492.3865734974716,278.22985576064775,0.262243753868894,100.0,True,
HC_MI_LI_HR_LM,D,1,commercial,low,0.05,1.0,39.49913024902344,47.79741668701172,100.0,469.1093692703498,276.5137555893477,0.16198418843664775,100.0,True,
HC_MI_LI_HR_LM,D,1,industrial,low,0.05,0.0,38.159610748291016,48.121978759765625,100.0,488.2783994607577,287.09923675947726,1.0,100.0,True,
HC_MI_LI_HR_LM,D,1,industrial,low,0.05,0.25,38.48101806640625,48.035457611083984,100.0,485.69557849953617,291.85137767864904,0.6532215569769076,100.0,True,
HC_MI_LI_HR_LM,D,1,industrial,low,0.05,0.5,38.59591293334961,47.94638442993164,100.0,486.8381651198696,297.05279163192637,0.4177751878643213,100.0,True,
HC_MI_LI_HR_LM,D,1,industrial,low,0.05,0.75,38.56987762451172,47.858524322509766,100.0,490.3757513503752,302.43616201567056,0.262243753868894,100.0,True,
HC_MI_LI_HR_LM,D,1,industrial,low,0.05,1.0,38.44601058959961,47.77492904663086,100.0,495.63286437225855,307.7677034558703,0.16198418843664775,100.0,True,
HC_MI_LI_HR_LM,E,1,mixed,low,0.05,0.0,38.77791976928711,48.121978759765625,100.0,470.07366829365156,290.7040245116572,1.0,100.0,True,
HC_MI_LI_HR_LM,E,1,mixed,low,0.05,0.25,39.43031692504883,48.035457611083984,100.0,457.19732964125177,290.0167716928301,0.6532215569769076,100.0,True,
HC_MI_LI_HR_LM,E,1,mixed,low,0.05,0.5,39.99565887451172,47.94638442993164,100.0,444.81858583428016,289.27431331607306,0.4177751878643213,100.0,True,
HC_MI_LI_HR_LM,E,1,mixed,low,0.05,0.75,40.52271270751953,47.858524322509766,100.0,433.2764376606148,288.5121769062685,0.262243753868894,100.0,True,
HC_MI_LI_HR_LM,E,1,mixed,low,0.05,1.0,41.0012321472168,47.77492904663086,100.0,422.78130791262146,287.7609875723988,0.16198418843664775,100.0,True,
HC_MI_LI_HR_LM,E,1,commercial,low,0.05,0.0,37.93064498901367,48.121978759765625,100.0,492.7939226641884,289.4330891115935,1.0,100.0,True,
HC_MI_LI_HR_LM,E,1,commercial,low,0.05,0.25,38.17650604248047,48.035457611083984,100.0,491.34650610422204,293.0842680382229,0.6532215569769076,100.0,True,
HC_MI_LI_HR_LM,E,1,commercial,low,0.05,0.5,38.55678176879883,47.94638442993164,100.0,485.9001436286869,295.18479252370093,0.4177751878643213,100.0,True,
HC_MI_LI_HR_LM,E,1,commercial,low,0.05,0.75,39.00729751586914,47.858524322509766,100.0,477.77368620975324,296.01689462067594,0.262243753868894,100.0,True,
HC_MI_LI_HR_LM,E,1,commercial,low,0.05,1.0,39.47541046142578,47.77492904663086,100.0,468.1952994818883,295.90065451837967,0.16198418843664775,100.0,True,
HC_MI_LI_HR_LM,E,1,industrial,low,0.05,0.0,39.49186325073242,48.121978759765625,100.0,451.5532542716662,289.65113600164165,1.0,100.0,True,
HC_MI_LI_HR_LM,E,1,industrial,low,0.05,0.25,39.422611236572266,48.035457611083984,100.0,455.5500935777877,303.3931911746557,0.6532215569769076,100.0,True,
HC_MI_LI_HR_LM,E,1,industrial,low,0.05,0.5,38.629390716552734,47.94638442993164,100.0,477.80412350868613,315.4280064124193,0.4177751878643213,100.0,True,
HC_MI_LI_HR_LM,E,1,industrial,low,0.05,0.75,38.01070785522461,47.858524322509766,100.0,494.88995042733063,325.63492042751045,0.262243753868894,100.0,True,
HC_MI_LI_HR_LM,E,1,industrial,low,0.05,1.0,37.52252197265625,47.77492904663086,100.0,511.2464024595125,334.0605809230317,0.16198418843664775,100.0,True,
HC_MI_LI_HR_LM,A+D,2,mixed,low,0.05,0.0,35.18393325805664,48.13910675048828,100.0,554.9661866366073,287.85437850757216,1.0,100.0,True,
HC_MI_LI_HR_LM,A+D,2,mixed,low,0.05,0.25,37.76531982421875,48.0569953918457,100.0,501.4028499352145,279.0614993880184,0.6532215569769076,100.0,True,
HC_MI_LI_HR_LM,A+D,2,mixed,low,0.05,0.5,39.6202278137207,47.97068786621094,100.0,458.44667490671065,272.5534168554134,0.4177751878643213,100.0,True,
HC_MI_LI_HR_LM,A+D,2,mixed,low,0.05,0.75,40.91590881347656,47.8837776184082,100.0,425.6869203937652,268.1466597625225,0.262243753868894,100.0,True,
HC_MI_LI_HR_LM,A+D,2,mixed,low,0.05,1.0,41.56216049194336,47.799407958984375,100.0,407.41874732723034,265.52332975303113,0.16198418843664775,100.0,True,
HC_MI_LI_HR_LM,A+D,2,commercial,low,0.05,0.0,33.339534759521484,48.15030288696289,100.0,594.8072775729466,286.51790294710025,1.0,100.0,True,
HC_MI_LI_HR_LM,A+D,2,commercial,low,0.05,0.25,35.42569351196289,48.06529235839844,100.0,556.4127709132567,282.2787687291448,0.6532215569769076,100.0,True,
HC_MI_LI_HR_LM,A+D,2,commercial,low,0.05,0.5,37.147430419921875,47.97629165649414,100.0,521.4562254024831,278.75485592779097,0.4177751878643213,100.0,True,
HC_MI_LI_HR_LM,A+D,2,commercial,low,0.05,0.75,38.533023834228516,47.88709259033203,100.0,490.9820477244959,276.0216139654087,0.262243753868894,100.0,True,
HC_MI_LI_HR_LM,A+D,2,commercial,low,0.05,1.0,39.61159133911133,47.80092239379883,100.0,465.4162392296957,274.0649389705185,0.16198418843664775,100.0,True,
HC_MI_LI_HR_LM,A+D,2,industrial,low,0.05,0.0,38.65423583984375,48.121978759765625,100.0,472.4118952450344,286.4310857928154,1.0,100.0,True,
HC_MI_LI_HR_LM,A+D,2,industrial,low,0.05,0.25,38.83292770385742,48.035457611083984,100.0,473.8896583247796,292.73874792526243,0.6532215569769076,100.0,True,
HC_MI_LI_HR_LM,A+D,2,industrial,low,0.05,0.5,38.82517623901367,47.94638442993164,100.0,479.07297600107023,299.5998379736562,0.4177751878643213,100.0,True,
HC_MI_LI_HR_LM,A+D,2,industrial,low,0.05,0.75,38.64573669433594,47.858524322509766,100.0,487.97978232383133,306.6680039689791,0.262243753868894,100.0,True,
HC_MI_LI_HR_LM,A+D,2,industrial,low,0.05,1.0,38.34866714477539,47.77492904663086,100.0,498.66525171922217,313.6427413649558,0.16198418843664775,100.0,True,
HC_MI_LI_HR_LM,A+B+C+D+E,5,mixed,low,0.05,0.0,29.434520721435547,48.491764068603516,100.0,687.3002485058516,287.87020164829346,1.0,100.0,True,
HC_MI_LI_HR_LM,A+B+C+D+E,5,mixed,low,0.05,0.25,36.22496795654297,48.494693756103516,100.0,541.8597392824561,254.16430880774718,0.6532215569769076,100.0,True,
HC_MI_LI_HR_LM,A+B+C+D+E,5,mixed,low,0.05,0.5,40.6757698059082,48.49671936035156,100.0,427.65905550098995,225.48136112586013,0.4177751878643213,100.0,True,
HC_MI_LI_HR_LM,A+B+C+D+E,5,mixed,low,0.05,0.75,41.14423751831055,48.4980354309082,100.0,416.98802063529666,201.91577617090203,0.262243753868894,100.0,True,
HC_MI_LI_HR_LM,A+B+C+D+E,5,mixed,low,0.05,1.0,41.56216049194336,48.498863220214844,100.0,407.41874732723034,183.13585914225612,0.16198418843664775,100.0,True,
HC_MI_LI_HR_LM,A+B+C+D+E,5,commercial,low,0.05,0.0,21.34928321838379,48.49740219116211,100.0,832.0592372747216,283.051676449165,1.0,100.0,True,
HC_MI_LI_HR_LM,A+B+C+D+E,5,commercial,low,0.05,0.25,26.662290573120117,48.49790954589844,100.0,739.750793216832,265.73199212462293,0.6532215569769076,100.0,True,
HC_MI_LI_HR_LM,A+B+C+D+E,5,commercial,low,0.05,0.5,31.609996795654297,48.498382568359375,100.0,643.9244294875915,247.7876792995234,0.4177751878643213,100.0,True,
HC_MI_LI_HR_LM,A+B+C+D+E,5,commercial,low,0.05,0.75,35.88145065307617,48.4987907409668,100.0,550.12461458648,230.24473971285673,0.262243753868894,100.0,True,
HC_MI_LI_HR_LM,A+B+C+D+E,5,commercial,low,0.05,1.0,39.3498420715332,48.499122619628906,100.0,462.4749363547422,213.86454166811006,0.16198418843664775,100.0,True,
HC_MI_LI_HR_LM,A+B+C+D+E,5,industrial,low,0.05,0.0,39.49186325073242,48.121978759765625,100.0,451.5532542716662,283.0378628174984,1.0,100.0,True,
HC_MI_LI_HR_LM,A+B+C+D+E,5,industrial,low,0.05,0.25,39.771087646484375,48.035457611083984,100.0,451.15869589020434,303.70634145429864,0.6532215569769076,100.0,True,
HC_MI_LI_HR_LM,A+B+C+D+E,5,industrial,low,0.05,0.5,37.83717727661133,47.94638442993164,100.0,502.64140816916427,323.16565726362313,0.4177751878643213,100.0,True,
HC_MI_LI_HR_LM,A+B+C+D+E,5,industrial,low,0.05,0.75,35.918067932128906,47.858524322509766,100.0,549.6268426299632,340.9232038559623,0.262243753868894,100.0,True,
HC_MI_LI_HR_LM,A+B+C+D+E,5,industrial,low,0.05,1.0,34.08985137939453,47.77492904663086,100.0,591.4021048647111,356.7093527027276,0.16198418843664775,100.0,True,
LI_HR_LI_LI_LM,A,1,mixed,low,0.05,0.0,38.288028717041016,48.240089416503906,100.0,499.60816724187237,294.7953820897213,1.0,100.0,True,
LI_HR_LI_LI_LM,A,1,mixed,low,0.05,0.25,38.946266174316406,48.183555603027344,100.0,482.6421269372163,290.5590881359495,0.6612731706669576,100.0,True,
LI_HR_LI_LI_LM,A,1,mixed,low,0.05,0.5,39.4139404296875,48.12390899658203,100.0,470.2295565553776,286.54370279982396,0.42870112474292105,100.0,True,
LI_HR_LI_LI_LM,A,1,mixed,low,0.05,0.75,39.90867614746094,48.06327438354492,100.0,457.11974867925426,282.8325427922971,0.2729902726762198,100.0,True,
LI_HR_LI_LI_LM,A,1,mixed,low,0.05,1.0,40.37162399291992,48.003597259521484,100.0,443.82298149803984,279.4738648675495,0.17110671996230042,100.0,True,
LI_HR_LI_LI_LM,A,1,commercial,low,0.05,0.0,38.41877746582031,48.24207305908203,100.0,495.6126875073691,294.5057737814558,1.0,100.0,True,
LI_HR_LI_LI_LM,A,1,commercial,low,0.05,0.25,38.95039367675781,48.185028076171875,100.0,482.5102831246741,291.24107241047335,0.6612731706669576,100.0,True,
LI_HR_LI_LI_LM,A,1,commercial,low,0.05,0.5,39.40746307373047,48.12491226196289,100.0,470.4411408034282,287.8830313940996,0.42870112474292105,100.0,True,
LI_HR_LI_LI_LM,A,1,commercial,low,0.05,0.75,39.89564895629883,48.06386947631836,100.0,457.55552478438955,284.56018427816275,0.2729902726762198,100.0,True,
LI_HR_LI_LI_LM,A,1,commercial,low,0.05,1.0,40.35520553588867,48.00387191772461,100.0,444.38604804802054,281.3764886371129,0.17110671996230042,100.0,True,
LI_HR_LI_LI_LM,A,1,industrial,low,0.05,0.0,38.511356353759766,48.18471145629883,100.0,492.51201769335387,294.46418939451485,1.0,100.0,True,
LI_HR_LI_LI_LM,A,1,industrial,low,0.05,0.25,38.947784423828125,48.11090087890625,100.0,482.5936145762333,293.4505845133825,0.6612731706669576,100.0,True,
LI_HR_LI_LI_LM,A,1,industrial,low,0.05,0.5,39.38072967529297,48.03253936767578,100.0,471.31336411704933,292.37021207492353,0.42870112474292105,100.0,True,
LI_HR_LI_LI_LM,A,1,industrial,low,0.05,0.75,39.846458435058594,47.95246887207031,100.0,459.19754599170653,291.26412395581946,0.2729902726762198,100.0,True,
LI_HR_LI_LI_LM,A,1,industrial,low,0.05,1.0,40.28594970703125,47.87331771850586,100.0,446.754442760914,290.16906200361694,0.17110671996230042,100.0,True,
LI_HR_LI_LI_LM,B,1,mixed,low,0.05,0.0,34.915802001953125,48.21268844604492,100.0,573.8794081303267,288.1301324065531,1.0,100.0,True,
LI_HR_LI_LI_LM,B,1,mixed,low,0.05,0.25,37.440650939941406,48.14521789550781,100.0,512.9688348258696,277.377489974205,0.6612731706669576,100.0,True,
LI_HR_LI_LI_LM,B,1,mixed,low,0.05,0.5,39.31037902832031,48.071388244628906,100.0,463.4213462224989,269.1918373783891,0.42870112474292105,100.0,True,
LI_HR_LI_LI_LM,B,1,mixed,low,0.05,0.75,40.477420806884766,47.99370574951172,100.0,440.65128115691056,263.43045813086076,0.2729902726762198,100.0,True,
LI_HR_LI_LI_LM,B,1,mixed,low,0.05,1.0,40.86753845214844,47.91477584838867,100.0,429.12529039762387,259.793256296568,0.17110671996230042,100.0,True,
LI_HR_LI_LI_LM,B,1,commercial,low,0.05,0.0,32.85560989379883,48.22483825683594,100.0,623.5708296462881,286.4777067110713,1.0,100.0,True,
LI_HR_LI_LI_LM,B,1,commercial,low,0.05,0.25,34.81032943725586,48.154361724853516,100.0,581.5689808299657,281.3607628754053,0.6612731706669576,100.0,True,
LI_HR_LI_LI_LM,B,1,commercial,low,0.05,0.5,36.488311767578125,48.07768249511719,100.0,542.6387206793071,276.9872247975004,0.42870112474292105,100.0,True,
LI_HR_LI_LI_LM,B,1,commercial,low,0.05,0.75,37.87468338012695,47.99750518798828,100.0,508.013616723398,273.4768630799328,0.2729902726762198,100.0,True,
LI_HR_LI_LI_LM,B,1,commercial,low,0.05,1.0,38.983219146728516,47.91653823852539,100.0,478.3424375285822,270.8528768423149,0.17110671996230042,100.0,True,
LI_HR_LI_LI_LM,B,1,industrial,low,0.05,0.0,38.62057113647461,48.18471145629883,100.0,473.4090525070429,286.4253689317289,1.0,100.0,True,
LI_HR_LI_LI_LM,B,1,industrial,low,0.05,0.25,38.597068786621094,48.11090087890625,100.0,480.140600530831,294.4086401256558,0.6612731706669576,100.0,True,
LI_HR_LI_LI_LM,B,1,industrial,low,0.05,0.5,38.36447525024414,48.03253936767578,100.0,491.22579558807297,303.2890612075667,0.42870112474292105,100.0,True,
LI_HR_LI_LI_LM,B,1,industrial,low,0.05,0.75,37.93971633911133,47.95246887207031,100.0,506.44711293538944,312.67774484806387,0.2729902726762198,100.0,True,
LI_HR_LI_LI_LM,B,1,industrial,low,0.05,1.0,37.364837646484375,47.87331771850586,100.0,524.0385400893546,322.2070992064878,0.17110671996230042,100.0,True,
LI_HR_LI_LI_LM,C,1,mixed,low,0.05,0.0,37.88633346557617,48.29975128173828,100.0,508.98147896171594,294.990798967337,1.0,100.0,True,
LI_HR_LI_LI_LM,C,1,mixed,low,0.05,0.25,38.95625686645508,48.26016616821289,100.0,482.3548875084815,287.57194402279856,0.6612731706669576,100.0,True,
LI_HR_LI_LI_LM,C,1,mixed,low,0.05,0.5,39.46873474121094,48.21869659423828,100.0,468.73342955957617,280.6565323030402,0.42870112474292105,100.0,True,
LI_HR_LI_LI_LM,C,1,mixed,low,0.05,0.75,40.00066375732422,48.176788330078125,100.0,454.55761700961176,274.3698927734281,0.2729902726762198,100.0,True,
LI_HR_LI_LI_LM,C,1,mixed,low,0.05,1.0,40.50442886352539,48.13573455810547,100.0,440.34104314158435,268.77198194545156,0.17110671996230042,100.0,True,
LI_HR_LI_LI_LM,C,1,commercial,low,0.05,0.0,38.03805923461914,48.30335998535156,100.0,500.3231043941857,294.4321104242257,1.0,100.0,True,
LI_HR_LI_LI_LM,C,1,commercial,low,0.05,0.25,38.9669303894043,48.262840270996094,100.0,482.0490599068178,288.93670947236615,0.6612731706669576,100.0,True,
LI_HR_LI_LI_LM,C,1,commercial,low,0.05,0.5,39.455528259277344,48.22051239013672,100.0,469.12253469528844,283.32216593480115,0.42870112474292105,100.0,True,
LI_HR_LI_LI_LM,C,1,commercial,low,0.05,0.75,39.9727783203125,48.17787170410156,100.0,455.40098534047627,277.80344998155323,0.2729902726762198,100.0,True,
LI_HR_LI_LI_LM,C,1,commercial,low,0.05,1.0,40.4671745300293,48.13623809814453,100.0,441.4430679093367,272.55091242338386,0.17110671996230042,100.0,True,
LI_HR_LI_LI_LM,C,1,industrial,low,0.05,0.0,38.522098541259766,48.18471145629883,100.0,492.23396071025434,294.3394048361385,1.0,100.0,True,
LI_HR_LI_LI_LM,C,1,industrial,low,0.05,0.25,38.96002960205078,48.11090087890625,100.0,482.2494996500138,293.30633006862973,0.6612731706669576,100.0,True,
LI_HR_LI_LI_LM,C,1,industrial,low,0.05,0.5,39.39500045776367,48.03253936767578,100.0,470.9031158715396,292.20683673632016,0.42870112474292105,100.0,True,
LI_HR_LI_LI_LM,C,1,industrial,low,0.05,0.75,39.862545013427734,47.95246887207031,100.0,458.7231460436163,291.0824802204364,0.2729902726762198,100.0,True,
LI_HR_LI_LI_LM,C,1,industrial,low,0.05,1.0,40.30474853515625,47.87331771850586,100.0,446.2194347835924,289.97036597683234,0.17110671996230042,100.0,True,
LI_HR_LI_LI_LM,D,1,mixed,low,0.05,0.0,36.845741271972656,48.389957427978516,100.0,527.438855752457,295.1344260614882,1.0,100.0,True,
LI_HR_LI_LI_LM,D,1,mixed,low,0.05,0.25,38.846343994140625,48.37443542480469,100.0,485.1842687940211,282.00988661999435,0.6612731706669576,100.0,True,
LI_HR_LI_LI_LM,D,1,mixed,low,0.05,0.5,39.59864807128906,48.35856246948242,100.0,464.85135725279645,269.89333495305283,0.42870112474292105,100.0,True,
LI_HR_LI_LI_LM,D,1,mixed,low,0.05,0.75,40.1904296875,48.34284210205078,100.0,448.71259804266913,258.9857659647339,0.2729902726762198,100.0,True,
LI_HR_LI_LI_LM,D,1,mixed,low,0.05,1.0,40.76553726196289,48.327701568603516,100.0,432.79756928270734,249.36852702779595,0.17110671996230042,100.0,True,
LI_HR_LI_LI_LM,D,1,commercial,low,0.05,0.0,36.18475341796875,48.394962310791016,100.0,523.5456346217082,294.08755880928186,1.0,100.0,True,
LI_HR_LI_LI_LM,D,1,commercial,low,0.05,0.25,38.32355880737305,48.37806701660156,100.0,487.2716701204193,284.5848245332741,0.6612731706669576,100.0,True,
LI_HR_LI_LI_LM,D,1,commercial,low,0.05,0.5,39.573795318603516,48.36098098754883,100.0,465.5929362854175,274.91762489405363,0.42870112474292105,100.0,True,
LI_HR_LI_LI_LM,D,1,commercial,low,0.05,0.75,40.138431549072266,48.34425735473633,100.0,450.31183388999443,265.45578284571036,0.2729902726762198,100.0,True,
LI_HR_LI_LI_LM,D,1,commercial,low,0.05,1.0,40.69975662231445,48.328338623046875,100.0,434.8855782264895,256.4885508920969,0.17110671996230042,100.0,True,
LI_HR_LI_LI_LM,D,1,industrial,low,0.05,0.0,38.54402160644531,48.18471145629883,100.0,491.6875612108993,294.04232604193794,1.0,100.0,True,
LI_HR_LI_LI_LM,D,1,industrial,low,0.05,0.25,38.98509216308594,48.11090087890625,100.0,481.677625605253,292.9642164040892,0.6612731706669576,100.0,True,
LI_HR_LI_LI_LM,D,1,industrial,low,0.05,0.5,39.42496871948242,48.03253936767578,100.0,470.35267309958596,291.82056995716414,0.42870112474292105,100.0,True,
LI_HR_LI_LI_LM,D,1,industrial,low,0.05,0.75,39.889312744140625,47.95246887207031,100.0,458.2335622037933,290.6540861071997,0.2729902726762198,100.0,True,
LI_HR_LI_LI_LM,D,1,industrial,low,0.05,1.0,40.32493591308594,47.87331771850586,100.0,445.82090918832125,289.50269193095,0.17110671996230042,100.0,True,
LI_HR_LI_LI_LM,E,1,mixed,low,0.05,0.0,38.54402160644531,48.18471145629883,100.0,491.6875612108993,292.99522609577787,1.0,100.0,True,
LI_HR_LI_LI_LM,E,1,mixed,low,0.05,0.25,38.98509216308594,48.11090087890625,100.0,481.677625605253,292.30822484511214,0.6612731706669576,100.0,True,
LI_HR_LI_LI_LM,E,1,mixed,low,0.05,0.5,39.42496871948242,48.03253936767578,100.0,470.35267309958596,291.5103021391689,0.42870112474292105,100.0,True,
LI_HR_LI_LI_LM,E,1,mixed,low,0.05,0.75,39.889312744140625,47.95246887207031,100.0,458.2335622037934,290.64087632085574,0.2729902726762198,100.0,True,
LI_HR_LI_LI_LM,E,1,mixed,low,0.05,1.0,40.32493591308594,47.87331771850586,100.0,445.8209091883212,289.73868239060886,0.17110671996230042,100.0,True,
LI_HR_LI_LI_LM,E,1,commercial,low,0.05,0.0,38.822391510009766,48.18471145629883,100.0,482.90502749683316,291.7242906957143,1.0,100.0,True,
LI_HR_LI_LI_LM,E,1,commercial,low,0.05,0.25,38.850162506103516,48.11090087890625,100.0,478.1542668917395,295.413528055231,0.6612731706669576,100.0,True,
LI_HR_LI_LI_LM,E,1,commercial,low,0.05,0.5,38.95207595825195,48.03253936767578,100.0,476.33853557552055,297.57535039932696,0.42870112474292105,100.0,True,
LI_HR_LI_LI_LM,E,1,commercial,low,0.05,0.75,39.18166732788086,47.95246887207031,100.0,471.0459757636283,298.4531229891368,0.2729902726762198,100.0,True,
LI_HR_LI_LI_LM,E,1,commercial,low,0.05,1.0,39.49409103393555,47.87331771850586,100.0,462.51969171870473,298.33674522437985,0.17110671996230042,100.0,True,
LI_HR_LI_LI_LM,E,1,industrial,low,0.05,0.0,39.00383758544922,48.18471145629883,100.0,480.17671559035176,291.94233758576235,1.0,100.0,True,
LI_HR_LI_LI_LM,E,1,industrial,low,0.05,0.25,38.98926544189453,48.11090087890625,100.0,481.566427723232,305.8495175202685,0.6612731706669576,100.0,True,
LI_HR_LI_LI_LM,E,1,industrial,low,0.05,0.5,38.04032897949219,48.03253936767578,100.0,504.65447005793646,318.34797509842053,0.42870112474292105,100.0,True,
LI_HR_LI_LI_LM,E,1,industrial,low,0.05,0.75,37.2347297668457,47.95246887207031,100.0,522.7436599600114,329.2848642939797,0.2729902726762198,100.0,True,
LI_HR_LI_LI_LM,E,1,industrial,low,0.05,1.0,36.57786178588867,47.87331771850586,100.0,536.2738434061921,338.645733062254,0.17110671996230042,100.0,True,
LI_HR_LI_LI_LM,A+D,2,mixed,low,0.05,0.0,36.46209716796875,48.42919921875,100.0,535.6457940358324,295.3796737012646,1.0,100.0,True,
LI_HR_LI_LI_LM,A+D,2,mixed,low,0.05,0.25,38.86134338378906,48.42303466796875,100.0,484.70706022975423,279.0196190336005,0.6612731706669576,100.0,True,
LI_HR_LI_LI_LM,A+D,2,mixed,low,0.05,0.5,39.63418960571289,48.41688537597656,100.0,463.6778208588097,263.9554910454338,0.42870112474292105,100.0,True,
LI_HR_LI_LI_LM,A+D,2,mixed,low,0.05,0.75,40.254234313964844,48.41093826293945,100.0,446.53911677975213,250.4308720906675,0.2729902726762198,100.0,True,
LI_HR_LI_LI_LM,A+D,2,mixed,low,0.05,1.0,40.851783752441406,48.40532302856445,100.0,429.7650293548417,238.53885542625392,0.17110671996230042,100.0,True,
LI_HR_LI_LI_LM,A+D,2,commercial,low,0.05,0.0,35.368648529052734,48.43439483642578,100.0,543.6089662243896,294.04319814079275,1.0,100.0,True,
LI_HR_LI_LI_LM,A+D,2,commercial,low,0.05,0.25,37.83112716674805,48.426727294921875,100.0,492.4772696461724,282.2765412214041,0.6612731706669576,100.0,True,
LI_HR_LI_LI_LM,A+D,2,commercial,low,0.05,0.5,39.60297775268555,48.41930389404297,100.0,464.6309841394815,270.3191095807101,0.42870112474292105,100.0,True,
LI_HR_LI_LI_LM,A+D,2,commercial,low,0.05,0.75,40.18962097167969,48.41233825683594,100.0,448.5741287322127,258.62853045750967,0.2729902726762198,100.0,True,
LI_HR_LI_LI_LM,A+D,2,commercial,low,0.05,1.0,40.770320892333984,48.40595245361328,100.0,432.4161048486045,247.5615030601183,0.17110671996230042,100.0,True,
LI_HR_LI_LI_LM,A+D,2,industrial,low,0.05,0.0,38.54402160644531,48.18471145629883,100.0,491.6875612108993,293.95638098650784,1.0,100.0,True,
LI_HR_LI_LI_LM,A+D,2,industrial,low,0.05,0.25,38.98509216308594,48.11090087890625,100.0,481.67762560525307,292.86544519512836,0.6612731706669576,100.0,True,
LI_HR_LI_LI_LM,A+D,2,industrial,low,0.05,0.5,39.42496871948242,48.03253936767578,100.0,470.35267309958596,291.7092353246447,0.42870112474292105,100.0,True,
LI_HR_LI_LI_LM,A+D,2,industrial,low,0.05,0.75,39.889312744140625,47.95246887207031,100.0,458.2335622037933,290.5307733966558,0.2729902726762198,100.0,True,
LI_HR_LI_LI_LM,A+D,2,industrial,low,0.05,1.0,40.32493591308594,47.87331771850586,100.0,445.82090918832125,289.3682174654755,0.17110671996230042,100.0,True,
LI_HR_LI_LI_LM,A+B+C+D+E,5,mixed,low,0.05,0.0,29.434520721435547,48.491764068603516,100.0,687.3002485058516,287.845427821098,1.0,100.0,True,
LI_HR_LI_LI_LM,A+B+C+D+E,5,mixed,low,0.05,0.25,35.94322204589844,48.494571685791016,100.0,548.5406137578946,255.6292107086862,0.6612731706669576,100.0,True,
LI_HR_LI_LI_LM,A+B+C+D+E,5,mixed,low,0.05,0.5,40.068092346191406,48.49655532836914,100.0,451.9713473133044,227.8695227437027,0.42870112474292105,100.0,True,
LI_HR_LI_LI_LM,A+B+C+D+E,5,mixed,low,0.05,0.75,40.477420806884766,48.497886657714844,100.0,440.65128115691056,204.70978931672184,0.2729902726762198,100.0,True,
LI_HR_LI_LI_LM,A+B+C+D+E,5,mixed,low,0.05,1.0,40.86753845214844,48.49873733520508,100.0,429.12529039762387,185.93216665160776,0.17110671996230042,100.0,True,
LI_HR_LI_LI_LM,A+B+C+D+E,5,commercial,low,0.05,0.0,21.34928321838379,48.49740219116211,100.0,832.0592372747216,283.0269026219694,1.0,100.0,True,
LI_HR_LI_LI_LM,A+B+C+D+E,5,commercial,low,0.05,0.25,26.16106414794922,48.497859954833984,100.0,748.8713417622059,267.3394744573765,0.6612731706669576,100.0,True,
LI_HR_LI_LI_LM,A+B+C+D+E,5,commercial,low,0.05,0.5,30.782649993896484,48.4983024597168,100.0,660.7695022289212,250.75921059000953,0.42870112474292105,100.0,True,
LI_HR_LI_LI_LM,A+B+C+D+E,5,commercial,low,0.05,0.75,34.906864166259766,48.49869918823242,100.0,572.6751337182257,234.1996565090421,0.2729902726762198,100.0,True,
LI_HR_LI_LI_LM,A+B+C+D+E,5,commercial,low,0.05,1.0,38.37238693237305,48.499027252197266,100.0,488.5290842356928,218.39142814292256,0.17110671996230042,100.0,True,
LI_HR_LI_LI_LM,A+B+C+D+E,5,industrial,low,0.05,0.0,39.24425506591797,48.18471145629883,100.0,472.16307068194806,283.0130889903029,1.0,100.0,True,
LI_HR_LI_LI_LM,A+B+C+D+E,5,industrial,low,0.05,0.25,39.5707893371582,48.11090087890625,100.0,462.6336551768869,305.78186574265226,0.6612731706669576,100.0,True,
LI_HR_LI_LI_LM,A+B+C+D+E,5,industrial,low,0.05,0.5,37.314998626708984,48.03253936767578,100.0,515.7863089460294,328.1084682446227,0.42870112474292105,100.0,True,
LI_HR_LI_LI_LM,A+B+C+D+E,5,industrial,low,0.05,0.75,34.94658660888672,47.95246887207031,100.0,572.1492068439544,349.4135527600455,0.2729902726762198,100.0,True,
LI_HR_LI_LI_LM,A+B+C+D+E,5,industrial,low,0.05,1.0,32.55098342895508,47.87331771850586,100.0,624.7070955430913,369.28080630377514,0.17110671996230042,100.0,True,
HM_LM_MM_HM_LC,A,1,mixed,low,0.05,0.0,30.879945755004883,48.49033737182617,100.0,658.8678065057663,296.9718899499317,1.0,100.0,True,
HM_LM_MM_HM_LC,A,1,mixed,low,0.05,0.25,31.289133071899414,48.490325927734375,100.0,646.089490872097,295.15210839244975,0.7497455677781865,100.0,True,
HM_LM_MM_HM_LC,A,1,mixed,low,0.05,0.5,31.715269088745117,48.49029541015625,100.0,633.0647405578687,293.3363799985713,0.5583376357763052,100.0,True,
HM_LM_MM_HM_LC,A,1,mixed,low,0.05,0.75,32.15556335449219,48.49024200439453,100.0,619.7441773261132,291.54249693741383,0.4130193087846067,100.0,True,
HM_LM_MM_HM_LC,A,1,mixed,low,0.05,1.0,32.59101104736328,48.490169525146484,100.0,606.5052829776607,289.78727658324334,0.30351763104879836,100.0,True,
HM_LM_MM_HM_LC,A,1,commercial,low,0.05,0.0,30.52904510498047,48.490779876708984,100.0,667.3935618691488,296.68228164166624,1.0,100.0,True,
HM_LM_MM_HM_LC,A,1,commercial,low,0.05,0.25,30.751758575439453,48.490665435791016,100.0,659.3637326783079,295.9253987081201,0.7497455677781865,100.0,True,
HM_LM_MM_HM_LC,A,1,commercial,low,0.05,0.5,31.015277862548828,48.49053955078125,100.0,650.6056656485215,295.08089273914374,0.5583376357763052,100.0,True,
HM_LM_MM_HM_LC,A,1,commercial,low,0.05,0.75,31.3181095123291,48.49040222167969,100.0,641.0536935184674,294.1566821123464,0.4130193087846067,100.0,True,
HM_LM_MM_HM_LC,A,1,commercial,low,0.05,1.0,31.656221389770508,48.49025344848633,100.0,630.8042959329705,293.1628505995245,0.30351763104879836,100.0,True,
HM_LM_MM_HM_LC,A,1,industrial,low,0.05,0.0,31.527145385742188,48.49021530151367,100.0,642.6697475199235,296.6406972547253,1.0,100.0,True,
HM_LM_MM_HM_LC,A,1,industrial,low,0.05,0.25,31.49477767944336,48.489891052246094,100.0,640.9478105335126,298.4302767458034,0.7497455677781865,100.0,True,
HM_LM_MM_HM_LC,A,1,industrial,low,0.05,0.5,31.416913986206055,48.489540100097656,100.0,640.5912122650606,300.9244685139191,0.5583376357763052,100.0,True,
HM_LM_MM_HM_LC,A,1,industrial,low,0.05,0.75,31.275650024414062,48.489158630371094,100.0,642.118064537084,304.2986352248481,0.4130193087846067,100.0,True,
HM_LM_MM_HM_LC,A,1,industrial,low,0.05,1.0,31.039798736572266,48.4887580871582,100.0,646.1945796220767,308.7586140723179,0.30351763104879836,100.0,True,
HM_LM_MM_HM_LC,B,1,mixed,low,0.05,0.0,31.470552444458008,48.49021530151367,100.0,644.2569524329364,295.81565961931403,1.0,100.0,True,
HM_LM_MM_HM_LC,B,1,mixed,low,0.05,0.25,31.61331558227539,48.489891052246094,100.0,637.9680296825389,296.15518865427276,0.7497455677781865,100.0,True,
HM_LM_MM_HM_LC,B,1,mixed,low,0.05,0.5,31.768592834472656,48.489540100097656,100.0,631.8226125244264,296.5000600303024,0.5583376357763052,100.0,True,
HM_LM_MM_HM_LC,B,1,mixed,low,0.05,0.75,31.93844223022461,48.489158630371094,100.0,625.3285834766974,296.84730536153546,0.4130193087846067,100.0,True,
HM_LM_MM_HM_LC,B,1,mixed,low,0.05,1.0,32.12995529174805,48.4887580871582,100.0,618.5281650584608,297.19393272721106,0.30351763104879836,100.0,True,
HM_LM_MM_HM_LC,B,1,commercial,low,0.05,0.0,29.216672897338867,48.49217987060547,100.0,693.870800832357,294.1632339238323,1.0,100.0,True,
HM_LM_MM_HM_LC,B,1,commercial,low,0.05,0.25,28.054460525512695,48.491336822509766,100.0,715.4902520636732,300.6714248951213,0.7497455677781865,100.0,True,
HM_LM_MM_HM_LC,B,1,commercial,low,0.05,0.5,27.028711318969727,48.490474700927734,100.0,734.2098903036476,306.6528420812475,0.5583376357763052,100.0,True,
HM_LM_MM_HM_LC,B,1,commercial,low,0.05,0.75,26.16216468811035,48.48959732055664,100.0,749.5837717662216,312.04721587459454,0.4130193087846067,100.0,True,
HM_LM_MM_HM_LC,B,1,commercial,low,0.05,1.0,25.470722198486328,48.4887580871582,100.0,761.5084932675683,316.8124782888232,0.30351763104879836,100.0,True,
HM_LM_MM_HM_LC,B,1,industrial,low,0.05,0.0,32.51176834106445,48.49021530151367,100.0,621.2914096043303,294.11089614448986,1.0,100.0,True,
HM_LM_MM_HM_LC,B,1,industrial,low,0.05,0.25,32.359336853027344,48.489891052246094,100.0,622.0895025213812,315.46478180722755,0.7497455677781865,100.0,True,
HM_LM_MM_HM_LC,B,1,industrial,low,0.05,0.5,30.040369033813477,48.489540100097656,100.0,671.7327063734581,340.90776293214094,0.5583376357763052,100.0,True,
HM_LM_MM_HM_LC,B,1,industrial,low,0.05,0.75,26.129854202270508,48.489158630371094,100.0,751.2901221887839,371.3553678587414,0.4130193087846067,100.0,True,
HM_LM_MM_HM_LC,B,1,industrial,low,0.05,1.0,21.037105560302734,48.4887580871582,100.0,845.8957732558425,407.906347993069,0.30351763104879836,100.0,True,
HM_LM_MM_HM_LC,C,1,mixed,low,0.05,0.0,30.912309646606445,48.49021530151367,100.0,656.0024925193275,296.6368448323944,1.0,100.0,True,
HM_LM_MM_HM_LC,C,1,mixed,low,0.05,0.25,31.30342674255371,48.49000930786133,100.0,644.514552678164,295.72710340867656,0.7497455677781865,100.0,True,
HM_LM_MM_HM_LC,C,1,mixed,low,0.05,0.5,31.68596076965332,48.48976516723633,100.0,633.4246984730266,294.9921245421781,0.5583376357763052,100.0,True,
HM_LM_MM_HM_LC,C,1,mixed,low,0.05,0.75,32.05132293701172,48.489471435546875,100.0,622.8942214167114,294.43107434829784,0.4130193087846067,100.0,True,
HM_LM_MM_HM_LC,C,1,mixed,low,0.05,1.0,32.38969421386719,48.4891357421875,100.0,612.8746658955148,294.0383335256188,0.30351763104879836,100.0,True,
HM_LM_MM_HM_LC,C,1,commercial,low,0.05,0.0,30.083759307861328,48.491111755371094,100.0,672.8723293715226,296.0781562892832,1.0,100.0,True,
HM_LM_MM_HM_LC,C,1,commercial,low,0.05,0.25,30.02639389038086,48.49072265625,100.0,670.882518627533,297.27446352490824,0.7497455677781865,100.0,True,
HM_LM_MM_HM_LC,C,1,commercial,low,0.05,0.5,30.011014938354492,48.490291595458984,100.0,668.2633526669665,298.46383891350337,0.5583376357763052,100.0,True,
HM_LM_MM_HM_LC,C,1,commercial,low,0.05,0.75,30.041074752807617,48.48981857299805,100.0,664.8863679386606,299.625885208424,0.4130193087846067,100.0,True,
HM_LM_MM_HM_LC,C,1,commercial,low,0.05,1.0,30.115339279174805,48.489322662353516,100.0,660.7592034211752,300.74164270083736,0.30351763104879836,100.0,True,
HM_LM_MM_HM_LC,C,1,industrial,low,0.05,0.0,32.219512939453125,48.49021530151367,100.0,628.5967559341916,295.98545070119593,1.0,100.0,True,
HM_LM_MM_HM_LC,C,1,industrial,low,0.05,0.25,31.80048942565918,48.489891052246094,100.0,633.9814081825314,302.2286436552484,0.7497455677781865,100.0,True,
HM_LM_MM_HM_LC,C,1,industrial,low,0.05,0.5,30.999813079833984,48.489540100097656,100.0,647.8980328113656,310.035054380806,0.5583376357763052,100.0,True,
HM_LM_MM_HM_LC,C,1,industrial,low,0.05,0.75,29.96946907043457,48.489158630371094,100.0,666.4513728251264,319.7161276002229,0.4130193087846067,100.0,True,
HM_LM_MM_HM_LC,C,1,industrial,low,0.05,1.0,28.61860466003418,48.4887580871582,100.0,690.8102884957752,331.640846585407,0.30351763104879836,100.0,True,
HM_LM_MM_HM_LC,D,1,mixed,low,0.05,0.0,28.43625831604004,48.49235534667969,100.0,699.4062073739872,294.90866398509195,1.0,100.0,True,
HM_LM_MM_HM_LC,D,1,mixed,low,0.05,0.25,30.02942657470703,48.49299621582031,100.0,667.4201447996171,287.64641718792365,0.7497455677781865,100.0,True,
HM_LM_MM_HM_LC,D,1,mixed,low,0.05,0.5,31.585168838500977,48.49360275268555,100.0,635.1294881218272,280.36612039004797,0.5583376357763052,100.0,True,
HM_LM_MM_HM_LC,D,1,mixed,low,0.05,0.75,32.781593322753906,48.49416732788086,100.0,608.516014362365,273.1382393187091,0.4130193087846067,100.0,True,
HM_LM_MM_HM_LC,D,1,mixed,low,0.05,1.0,33.15218734741211,48.494693756103516,100.0,598.3040888603234,266.0303915996707,0.30351763104879836,100.0,True,
HM_LM_MM_HM_LC,D,1,commercial,low,0.05,0.0,26.614757537841797,48.493804931640625,100.0,730.6716514611478,293.8617967328856,1.0,100.0,True,
HM_LM_MM_HM_LC,D,1,commercial,low,0.05,0.25,27.19300079345703,48.494083404541016,100.0,717.2578059252569,290.5657595606518,0.7497455677781865,100.0,True,
HM_LM_MM_HM_LC,D,1,commercial,low,0.05,0.5,27.890796661376953,48.49436569213867,100.0,701.7565670714772,286.90948554144467,0.5583376357763052,100.0,True,
HM_LM_MM_HM_LC,D,1,commercial,low,0.05,0.75,28.697063446044922,48.49464797973633,100.0,684.2971254489946,282.92659822156355,0.4130193087846067,100.0,True,
HM_LM_MM_HM_LC,D,1,commercial,low,0.05,1.0,29.596460342407227,48.494930267333984,100.0,665.0635232584726,278.659592527731,0.30351763104879836,100.0,True,
HM_LM_MM_HM_LC,D,1,industrial,low,0.05,0.0,31.952119827270508,48.49021530151367,100.0,635.2273550449103,293.81656396554166,1.0,100.0,True,
HM_LM_MM_HM_LC,D,1,industrial,low,0.05,0.25,31.29026985168457,48.489891052246094,100.0,644.460090302695,300.0664293382162,0.7497455677781865,100.0,True,
HM_LM_MM_HM_LC,D,1,industrial,low,0.05,0.5,30.27341651916504,48.489540100097656,100.0,659.9140252423108,308.92417196587684,0.5583376357763052,100.0,True,
HM_LM_MM_HM_LC,D,1,industrial,low,0.05,0.75,28.774824142456055,48.489158630371094,100.0,683.3605049034503,321.0508600754075,0.4130193087846067,100.0,True,
HM_LM_MM_HM_LC,D,1,industrial,low,0.05,1.0,26.615236282348633,48.4887580871582,100.0,716.8798225569727,337.22254079842355,0.30351763104879836,100.0,True,
HM_LM_MM_HM_LC,E,1,mixed,low,0.05,0.0,32.674869537353516,48.49021530151367,100.0,620.4062273377364,297.1561022910894,1.0,100.0,True,
HM_LM_MM_HM_LC,E,1,mixed,low,0.05,0.25,32.97196578979492,48.489891052246094,100.0,611.5974634580422,292.49293730367333,0.7497455677781865,100.0,True,
HM_LM_MM_HM_LC,E,1,mixed,low,0.05,0.5,33.262168884277344,48.489540100097656,100.0,602.8522251331051,288.2666396398351,0.5583376357763052,100.0,True,
HM_LM_MM_HM_LC,E,1,mixed,low,0.05,0.75,33.49834442138672,48.489158630371094,100.0,594.0539029158502,284.52071062962005,0.4130193087846067,100.0,True,
HM_LM_MM_HM_LC,E,1,mixed,low,0.05,1.0,33.71025085449219,48.4887580871582,100.0,586.3633555883619,281.28384832656235,0.30351763104879836,100.0,True,
HM_LM_MM_HM_LC,E,1,commercial,low,0.05,0.0,31.470552444458008,48.49021530151367,100.0,644.2569524329364,295.8851668910257,1.0,100.0,True,
HM_LM_MM_HM_LC,E,1,commercial,low,0.05,0.25,31.61331558227539,48.489891052246094,100.0,637.9680296825389,296.0136671179366,0.7497455677781865,100.0,True,
HM_LM_MM_HM_LC,E,1,commercial,low,0.05,0.5,31.768592834472656,48.489540100097656,100.0,631.8226125244264,296.16564866965246,0.5583376357763052,100.0,True,
HM_LM_MM_HM_LC,E,1,commercial,low,0.05,0.75,31.93844223022461,48.489158630371094,100.0,625.3285834766974,296.34010267525775,0.4130193087846067,100.0,True,
HM_LM_MM_HM_LC,E,1,commercial,low,0.05,1.0,32.12995529174805,48.4887580871582,100.0,618.5281650584608,296.5353752230987,0.30351763104879836,100.0,True,
HM_LM_MM_HM_LC,E,1,industrial,low,0.05,0.0,32.95235061645508,48.49021530151367,100.0,613.8516565044752,296.1032137810738,1.0,100.0,True,
HM_LM_MM_HM_LC,E,1,industrial,low,0.05,0.25,33.11231231689453,48.489891052246094,100.0,608.8875715565347,307.84588079786715,0.7497455677781865,100.0,True,
HM_LM_MM_HM_LC,E,1,industrial,low,0.05,0.5,33.06494903564453,48.489540100097656,100.0,606.6682237172245,323.2197429096306,0.5583376357763052,100.0,True,
HM_LM_MM_HM_LC,E,1,industrial,low,0.05,0.75,31.755964279174805,48.489158630371094,100.0,629.3980520705877,342.98676354570557,0.4130193087846067,100.0,True,
HM_LM_MM_HM_LC,E,1,industrial,low,0.05,1.0,28.316640853881836,48.4887580871582,100.0,686.708367340303,368.0373535408958,0.30351763104879836,100.0,True,
HM_LM_MM_HM_LC,A+D,2,mixed,low,0.05,0.0,27.803178787231445,48.49300765991211,100.0,714.020814763186,294.22338208453067,1.0,100.0,True,
HM_LM_MM_HM_LC,A+D,2,mixed,low,0.05,0.25,29.692615509033203,48.49384689331055,100.0,675.5416059891752,284.97659750361936,0.7497455677781865,100.0,True,
HM_LM_MM_HM_LC,A+D,2,mixed,low,0.05,0.5,31.51918601989746,48.494632720947266,100.0,636.7889496882528,275.70400223457585,0.5583376357763052,100.0,True,
HM_LM_MM_HM_LC,A+D,2,mixed,low,0.05,0.75,32.83671569824219,48.49535369873047,100.0,606.9535133027124,266.49526392068555,0.4130193087846067,100.0,True,
HM_LM_MM_HM_LC,A+D,2,mixed,low,0.05,1.0,33.239349365234375,48.49601364135742,100.0,595.8857010763384,257.43651065745576,0.30351763104879836,100.0,True,
HM_LM_MM_HM_LC,A+D,2,commercial,low,0.05,0.0,25.568300247192383,48.49473190307617,100.0,753.839910979808,292.88690652405876,1.0,100.0,True,
HM_LM_MM_HM_LC,A+D,2,commercial,low,0.05,0.25,26.242494583129883,48.4951171875,100.0,738.6535089210258,288.66923019201784,0.7497455677781865,100.0,True,
HM_LM_MM_HM_LC,A+D,2,commercial,low,0.05,0.5,27.054107666015625,48.49550247192383,100.0,720.9639182207355,283.99188012654497,0.5583376357763052,100.0,True,
HM_LM_MM_HM_LC,A+D,2,commercial,low,0.05,0.75,27.98934555053711,48.49589538574219,100.0,700.9177729779411,278.8978079984726,0.4130193087846067,100.0,True,
HM_LM_MM_HM_LC,A+D,2,commercial,low,0.05,1.0,29.02947998046875,48.49627685546875,100.0,678.7278663595093,273.4412856017972,0.30351763104879836,100.0,True,
HM_LM_MM_HM_LC,A+D,2,industrial,low,0.05,0.0,32.03663635253906,48.49021530151367,100.0,633.0876704744644,292.8000893697739,1.0,100.0,True,
HM_LM_MM_HM_LC,A+D,2,industrial,low,0.05,0.25,31.20274543762207,48.489891052246094,100.0,646.6425830869905,300.6747780072655,0.7497455677781865,100.0,True,
HM_LM_MM_HM_LC,A+D,2,industrial,low,0.05,0.5,29.931385040283203,48.489540100097656,100.0,668.2396633492151,311.85014232575253,0.5583376357763052,100.0,True,
HM_LM_MM_HM_LC,A+D,2,industrial,low,0.05,0.75,28.06222152709961,48.489158630371094,100.0,700.1138560857723,327.16402296481823,0.4130193087846067,100.0,True,
HM_LM_MM_HM_LC,A+D,2,industrial,low,0.05,1.0,25.366626739501953,48.4887580871582,100.0,744.8897985835747,347.59999734528327,0.30351763104879836,100.0,True,
HM_LM_MM_HM_LC,A+B+C+D+E,5,mixed,low,0.05,0.0,29.434520721435547,48.491764068603516,100.0,687.3002485058516,290.86047327584953,1.0,100.0,True,
HM_LM_MM_HM_LC,A+B+C+D+E,5,mixed,low,0.05,0.25,32.654911041259766,48.49315643310547,100.0,621.9517941830559,275.88604263997985,0.7497455677781865,100.0,True,
HM_LM_MM_HM_LC,A+B+C+D+E,5,mixed,low,0.05,0.5,33.30634307861328,48.49437713623047,100.0,600.5274682801015,261.4673319847611,0.5583376357763052,100.0,True,
HM_LM_MM_HM_LC,A+B+C+D+E,5,mixed,low,0.05,0.75,33.49834442138672,48.49544143676758,100.0,593.5928482627188,247.73793725382683,0.4130193087846067,100.0,True,
HM_LM_MM_HM_LC,A+B+C+D+E,5,mixed,low,0.05,1.0,33.71025085449219,48.4963493347168,100.0,586.3633555883619,234.80915266047305,0.30351763104879836,100.0,True,
HM_LM_MM_HM_LC,A+B+C+D+E,5,commercial,low,0.05,0.0,21.34928321838379,48.49740219116211,100.0,832.0592372747216,286.0419480767209,1.0,100.0,True,
HM_LM_MM_HM_LC,A+B+C+D+E,5,commercial,low,0.05,0.25,20.3111572265625,48.4973030090332,100.0,849.0902202471542,289.16300149972176,0.7497455677781865,100.0,True,
HM_LM_MM_HM_LC,A+B+C+D+E,5,commercial,low,0.05,0.5,19.5969181060791,48.49723434448242,100.0,860.6405321928232,291.278715328818,0.5583376357763052,100.0,True,
HM_LM_MM_HM_LC,A+B+C+D+E,5,commercial,low,0.05,0.75,19.23008155822754,48.497196197509766,100.0,866.5218207037817,292.3545947504367,0.4130193087846067,100.0,True,
HM_LM_MM_HM_LC,A+B+C+D+E,5,commercial,low,0.05,1.0,19.217952728271484,48.497196197509766,100.0,866.7156573843847,292.3873092381816,0.30351763104879836,100.0,True,
HM_LM_MM_HM_LC,A+B+C+D+E,5,industrial,low,0.05,0.0,32.95235061645508,48.49021530151367,100.0,613.8516565044752,286.02813444505443,1.0,100.0,True,
HM_LM_MM_HM_LC,A+B+C+D+E,5,industrial,low,0.05,0.25,33.118492126464844,48.489891052246094,100.0,607.3128537490697,332.74830003734644,0.7497455677781865,100.0,True,
HM_LM_MM_HM_LC,A+B+C+D+E,5,industrial,low,0.05,0.5,30.255586624145508,48.489540100097656,100.0,671.750280210218,392.0172080861998,0.5583376357763052,100.0,True,
HM_LM_MM_HM_LC,A+B+C+D+E,5,industrial,low,0.05,0.75,19.321138381958008,48.489158630371094,100.0,865.6179058095191,466.665864963176,0.4130193087846067,100.0,True,
HM_LM_MM_HM_LC,A+B+C+D+E,5,industrial,low,0.05,1.0,2.398914337158203,48.4887580871582,93.12227840988902,1108.1157653304615,560.0410728882802,0.30351763104879836,100.0,False,"V3_floor,V4_band"
LC_LI_HI_MC_LI,A,1,mixed,low,0.05,0.0,37.724082946777344,47.753726959228516,100.0,501.3082505751468,285.37240626935215,1.0,100.0,True,
LC_LI_HI_MC_LI,A,1,mixed,low,0.05,0.25,38.54878616333008,47.67212677001953,100.0,481.7298901570354,284.0325993582555,0.6072685101263197,100.0,True,
LC_LI_HI_MC_LI,A,1,mixed,low,0.05,0.5,39.16762924194336,47.596866607666016,100.0,466.18148201843434,283.1421067478713,0.3651928792222638,100.0,True,
LC_LI_HI_MC_LI,A,1,mixed,low,0.05,0.75,39.68581771850586,47.52920913696289,100.0,452.78150465051317,282.5779511901643,0.21774508834640058,100.0,True,
LC_LI_HI_MC_LI,A,1,mixed,low,0.05,1.0,40.11513137817383,47.4697380065918,100.0,441.39907761593815,282.24297964452006,0.12887596379182437,100.0,True,
LC_LI_HI_MC_LI,A,1,commercial,low,0.05,0.0,37.45088577270508,47.753726959228516,100.0,509.69876432825953,285.08279796108667,1.0,100.0,True,
LC_LI_HI_MC_LI,A,1,commercial,low,0.05,0.25,38.20751190185547,47.67212677001953,100.0,491.4681975163589,284.6588512357214,0.6072685101263197,100.0,True,
LC_LI_HI_MC_LI,A,1,commercial,low,0.05,0.5,38.855037689208984,47.596866607666016,100.0,475.3614757133779,284.2829465152956,0.3651928792222638,100.0,True,
LC_LI_HI_MC_LI,A,1,commercial,low,0.05,0.75,39.400657653808594,47.52920913696289,100.0,461.3857492562305,283.9558480454386,0.21774508834640058,100.0,True,
LC_LI_HI_MC_LI,A,1,commercial,low,0.05,1.0,39.85444641113281,47.4697380065918,100.0,449.44743513572865,283.6758609018077,0.12887596379182437,100.0,True,
LC_LI_HI_MC_LI,A,1,industrial,low,0.05,0.0,37.88279342651367,47.753726959228516,100.0,497.6145774004077,285.04121357414573,1.0,100.0,True,
LC_LI_HI_MC_LI,A,1,industrial,low,0.05,0.25,38.56715774536133,47.67212677001953,100.0,481.16647441583535,286.688060573766,0.6072685101263197,100.0,True,
LC_LI_HI_MC_LI,A,1,industrial,low,0.05,0.5,39.10647964477539,47.596866607666016,100.0,467.16357307197876,288.1056120164385,0.3651928792222638,100.0,True,
LC_LI_HI_MC_LI,A,1,industrial,low,0.05,0.75,39.42527770996094,47.52920913696289,100.0,460.5679152310462,289.30335764019367,0.21774508834640058,100.0,True,
LC_LI_HI_MC_LI,A,1,industrial,low,0.05,1.0,39.69585037231445,47.4697380065918,100.0,454.80401209351925,290.29858836139124,0.12887596379182437,100.0,True,
LC_LI_HI_MC_LI,B,1,mixed,low,0.05,0.0,33.66674041748047,48.24264907836914,100.0,606.8063991522038,286.7158676436265,1.0,100.0,True,
LC_LI_HI_MC_LI,B,1,mixed,low,0.05,0.25,37.235198974609375,48.2234001159668,100.0,518.4094813014684,268.85688767117585,0.6072685101263197,100.0,True,
LC_LI_HI_MC_LI,B,1,mixed,low,0.05,0.5,39.1753044128418,48.20459747314453,100.0,466.13666206275974,254.99720972445368,0.3651928792222638,100.0,True,
LC_LI_HI_MC_LI,B,1,mixed,low,0.05,0.75,39.77775573730469,48.18678283691406,100.0,450.70273255934626,244.36868280389777,0.21774508834640058,100.0,True,
LC_LI_HI_MC_LI,B,1,mixed,low,0.05,1.0,40.19520568847656,48.17032241821289,100.0,439.5527993573465,236.30472606970753,0.12887596379182437,100.0,True,
LC_LI_HI_MC_LI,B,1,commercial,low,0.05,0.0,31.524520874023438,48.25459289550781,100.0,656.3510703217215,285.0634419481449,1.0,100.0,True,
LC_LI_HI_MC_LI,B,1,commercial,low,0.05,0.25,34.82598114013672,48.231163024902344,100.0,581.1905698744606,272.51483422935985,0.6072685101263197,100.0,True,
LC_LI_HI_MC_LI,B,1,commercial,low,0.05,0.5,37.42546463012695,48.20929718017578,100.0,515.8064486582817,261.6377276859162,0.3651928792222638,100.0,True,
LC_LI_HI_MC_LI,B,1,commercial,low,0.05,0.75,39.44245147705078,48.1893310546875,100.0,459.93688640789935,252.38190686632123,0.21774508834640058,100.0,True,
LC_LI_HI_MC_LI,B,1,commercial,low,0.05,1.0,40.16352462768555,48.171417236328125,100.0,440.03547890296727,244.63461374337197,0.12887596379182437,100.0,True,
LC_LI_HI_MC_LI,B,1,industrial,low,0.05,0.0,37.45088577270508,47.753726959228516,100.0,509.69876432825953,285.0111041688023,1.0,100.0,True,
LC_LI_HI_MC_LI,B,1,industrial,low,0.05,0.25,38.20751190185547,47.67212677001953,100.0,491.4681975163589,284.4972422786289,0.6072685101263197,100.0,True,
LC_LI_HI_MC_LI,B,1,industrial,low,0.05,0.5,38.855037689208984,47.596866607666016,100.0,475.3614757133779,284.0433690657815,0.3651928792222638,100.0,True,
LC_LI_HI_MC_LI,B,1,industrial,low,0.05,0.75,39.400657653808594,47.52920913696289,100.0,461.38574925623044,283.6498987887065,0.21774508834640058,100.0,True,
LC_LI_HI_MC_LI,B,1,industrial,low,0.05,1.0,39.85444641113281,47.4697380065918,100.0,449.44743513572854,283.31433856493896,0.12887596379182437,100.0,True,
LC_LI_HI_MC_LI,C,1,mixed,low,0.05,0.0,36.0269660949707,47.918853759765625,100.0,545.307833623615,285.7216049335294,1.0,100.0,True,
LC_LI_HI_MC_LI,C,1,mixed,low,0.05,0.25,37.80419158935547,47.86386489868164,100.0,502.08861547913415,278.9047102193186,0.6072685101263197,100.0,True,
LC_LI_HI_MC_LI,C,1,mixed,low,0.05,0.5,39.166648864746094,47.81378173828125,100.0,466.54269150826923,273.4464157074057,0.3651928792222638,100.0,True,
LC_LI_HI_MC_LI,C,1,mixed,low,0.05,0.75,39.748783111572266,47.7695198059082,100.0,451.2930967322976,269.0918890527775,0.21774508834640058,100.0,True,
LC_LI_HI_MC_LI,C,1,mixed,low,0.05,1.0,40.19520568847656,47.73149108886719,100.0,439.5527993573465,265.618854238959,0.12887596379182437,100.0,True,
LC_LI_HI_MC_LI,C,1,commercial,low,0.05,0.0,35.31866455078125,47.92487716674805,100.0,562.2507770768532,285.16291639041816,1.0,100.0,True,
LC_LI_HI_MC_LI,C,1,commercial,low,0.05,0.25,36.96348190307617,47.8677978515625,100.0,523.6071829354368,280.1580176387534,0.6072685101263197,100.0,True,
LC_LI_HI_MC_LI,C,1,commercial,low,0.05,0.5,38.327701568603516,47.81616973876953,100.0,489.5908093772041,275.7171551146672,0.3651928792222638,100.0,True,
LC_LI_HI_MC_LI,C,1,commercial,low,0.05,0.75,39.445011138916016,47.77081298828125,100.0,460.13347542496115,271.8305863498027,0.21774508834640058,100.0,True,
LC_LI_HI_MC_LI,C,1,commercial,low,0.05,1.0,40.14936065673828,47.73204040527344,100.0,440.678464236817,268.4650949920744,0.12887596379182437,100.0,True,
LC_LI_HI_MC_LI,C,1,industrial,low,0.05,0.0,37.398563385009766,47.753726959228516,100.0,511.04681571143504,285.07021080233096,1.0,100.0,True,
LC_LI_HI_MC_LI,C,1,industrial,low,0.05,0.25,38.19002914428711,47.67212677001953,100.0,491.93277159927,284.17081400864384,0.6072685101263197,100.0,True,
LC_LI_HI_MC_LI,C,1,industrial,low,0.05,0.5,38.87478256225586,47.596866607666016,100.0,474.82046386339726,283.285695777993,0.3651928792222638,100.0,True,
LC_LI_HI_MC_LI,C,1,industrial,low,0.05,0.75,39.45937728881836,47.52920913696289,100.0,459.73469776509836,282.4224004506281,0.21774508834640058,100.0,True,
LC_LI_HI_MC_LI,C,1,industrial,low,0.05,1.0,39.95340347290039,47.4697380065918,100.0,446.5993964453742,281.5853383070071,0.12887596379182437,100.0,True,
LC_LI_HI_MC_LI,D,1,mixed,low,0.05,0.0,37.988670349121094,47.753726959228516,100.0,496.1138884891103,284.73174666113744,1.0,100.0,True,
LC_LI_HI_MC_LI,D,1,mixed,low,0.05,0.25,38.68227005004883,47.67212677001953,100.0,478.7838536247311,280.49556717644714,0.6072685101263197,100.0,True,
LC_LI_HI_MC_LI,D,1,mixed,low,0.05,0.5,39.27648162841797,47.596866607666016,100.0,463.7509700441531,277.99275880511,0.3651928792222638,100.0,True,
LC_LI_HI_MC_LI,D,1,mixed,low,0.05,0.75,39.77775573730469,47.52920913696289,100.0,450.70273255934626,276.71765572584377,0.21774508834640058,100.0,True,
LC_LI_HI_MC_LI,D,1,mixed,low,0.05,1.0,40.19520568847656,47.4697380065918,100.0,439.5527993573465,276.2722564220199,0.12887596379182437,100.0,True,
LC_LI_HI_MC_LI,D,1,commercial,low,0.05,0.0,37.00252151489258,47.753726959228516,100.0,519.9245667548444,283.684879408931,1.0,100.0,True,
LC_LI_HI_MC_LI,D,1,commercial,low,0.05,0.25,37.98529815673828,47.67212677001953,100.0,496.7387726612776,282.8602732015586,0.6072685101263197,100.0,True,
LC_LI_HI_MC_LI,D,1,commercial,low,0.05,0.5,38.78787612915039,47.596866607666016,100.0,477.0132981189818,282.2728501728098,0.3651928792222638,100.0,True,
LC_LI_HI_MC_LI,D,1,commercial,low,0.05,0.75,39.43497848510742,47.52920913696289,100.0,460.5174449949759,281.87847422416723,0.21774508834640058,100.0,True,
LC_LI_HI_MC_LI,D,1,commercial,low,0.05,1.0,39.95112228393555,47.4697380065918,100.0,446.928663449236,281.63516035043557,0.12887596379182437,100.0,True,
LC_LI_HI_MC_LI,D,1,industrial,low,0.05,0.0,37.98894119262695,47.753726959228516,100.0,495.79348168566656,283.63964664158715,1.0,100.0,True,
LC_LI_HI_MC_LI,D,1,industrial,low,0.05,0.25,38.68227005004883,47.67212677001953,100.0,478.7838536247311,290.5552289139568,0.6072685101263197,100.0,True,
LC_LI_HI_MC_LI,D,1,industrial,low,0.05,0.5,39.27648162841797,47.596866607666016,100.0,463.7509700441531,296.6715993404835,0.3651928792222638,100.0,True,
LC_LI_HI_MC_LI,D,1,industrial,low,0.05,0.75,39.50068664550781,47.52920913696289,100.0,458.83593966676034,301.97717736100464,0.21774508834640058,100.0,True,
LC_LI_HI_MC_LI,D,1,industrial,low,0.05,1.0,39.12504196166992,47.4697380065918,100.0,468.0199920369204,306.50088668957335,0.12887596379182437,100.0,True,
LC_LI_HI_MC_LI,E,1,mixed,low,0.05,0.0,33.8669319152832,48.14992141723633,100.0,584.1329173201578,286.08997471770374,1.0,100.0,True,
LC_LI_HI_MC_LI,E,1,mixed,low,0.05,0.25,37.30854415893555,48.119380950927734,100.0,511.80207547575094,272.08925314006984,0.6072685101263197,100.0,True,
LC_LI_HI_MC_LI,E,1,mixed,low,0.05,0.5,39.223106384277344,48.09030532836914,100.0,465.37630392730404,261.21012998418223,0.3651928792222638,100.0,True,
LC_LI_HI_MC_LI,E,1,mixed,low,0.05,0.75,39.77775573730469,48.0633544921875,100.0,450.70273255934626,252.85605945738723,0.21774508834640058,100.0,True,
LC_LI_HI_MC_LI,E,1,mixed,low,0.05,1.0,40.19520568847656,48.03893280029297,100.0,439.5527993573465,246.50865205295688,0.12887596379182437,100.0,True,
LC_LI_HI_MC_LI,E,1,commercial,low,0.05,0.0,31.847196578979492,48.160301208496094,100.0,622.5194430700699,284.8190393176401,1.0,100.0,True,
LC_LI_HI_MC_LI,E,1,commercial,low,0.05,0.25,35.02836608886719,48.12614059448242,100.0,560.3500483240907,274.9409736502603,0.6072685101263197,100.0,True,
LC_LI_HI_MC_LI,E,1,commercial,low,0.05,0.5,37.53160095214844,48.09439468383789,100.0,506.21537702773514,266.3767270162709,0.3651928792222638,100.0,True,
LC_LI_HI_MC_LI,E,1,commercial,low,0.05,0.75,39.46004867553711,48.0655517578125,100.0,459.91319348740893,259.0873743431521,0.21774508834640058,100.0,True,
LC_LI_HI_MC_LI,E,1,commercial,low,0.05,1.0,40.19520568847656,48.039852142333984,100.0,439.5527993573465,252.9846694793299,0.12887596379182437,100.0,True,
LC_LI_HI_MC_LI,E,1,industrial,low,0.05,0.0,37.45088577270508,47.753726959228516,100.0,509.69876432825953,285.0370862076882,1.0,100.0,True,
LC_LI_HI_MC_LI,E,1,industrial,low,0.05,0.25,38.20751190185547,47.67212677001953,100.0,491.4681975163589,284.52468980473355,0.6072685101263197,100.0,True,
LC_LI_HI_MC_LI,E,1,industrial,low,0.05,0.5,38.855037689208984,47.596866607666016,100.0,475.3614757133779,284.07209078383545,0.3651928792222638,100.0,True,
LC_LI_HI_MC_LI,E,1,industrial,low,0.05,0.75,39.400657653808594,47.52920913696289,100.0,461.3857492562305,283.6797044784493,0.21774508834640058,100.0,True,
LC_LI_HI_MC_LI,E,1,industrial,low,0.05,1.0,39.85444641113281,47.4697380065918,100.0,449.44743513572865,283.3450475654177,0.12887596379182437,100.0,True,
LC_LI_HI_MC_LI,A+D,2,mixed,low,0.05,0.0,37.98894119262695,47.753726959228516,100.0,495.79348168566656,284.6466857586191,1.0,100.0,True,
LC_LI_HI_MC_LI,A+D,2,mixed,low,0.05,0.25,38.68227005004883,47.67212677001953,100.0,478.7838536247311,279.5588306407532,0.6072685101263197,100.0,True,
LC_LI_HI_MC_LI,A+D,2,mixed,low,0.05,0.5,39.27648162841797,47.596866607666016,100.0,463.7509700441531,276.5970193077352,0.3651928792222638,100.0,True,
LC_LI_HI_MC_LI,A+D,2,mixed,low,0.05,0.75,39.77775573730469,47.52920913696289,100.0,450.70273255934626,275.13218098543496,0.21774508834640058,100.0,True,
LC_LI_HI_MC_LI,A+D,2,mixed,low,0.05,1.0,40.19520568847656,47.4697380065918,100.0,439.5527993573465,274.6714900797177,0.12887596379182437,100.0,True,
LC_LI_HI_MC_LI,A+D,2,commercial,low,0.05,0.0,37.00252151489258,47.753726959228516,100.0,519.9245667548444,283.3102101981472,1.0,100.0,True,
LC_LI_HI_MC_LI,A+D,2,commercial,low,0.05,0.25,37.98529815673828,47.67212677001953,100.0,496.7387726612776,282.5497885433305,0.6072685101263197,100.0,True,
LC_LI_HI_MC_LI,A+D,2,commercial,low,0.05,0.5,38.78787612915039,47.596866607666016,100.0,477.0132981189818,282.0179504428593,0.3651928792222638,100.0,True,
LC_LI_HI_MC_LI,A+D,2,commercial,low,0.05,0.75,39.43497848510742,47.52920913696289,100.0,460.5174449949759,281.67089633903265,0.21774508834640058,100.0,True,
LC_LI_HI_MC_LI,A+D,2,commercial,low,0.05,1.0,39.95112228393555,47.4697380065918,100.0,446.928663449236,281.4672752654211,0.12887596379182437,100.0,True,
LC_LI_HI_MC_LI,A+D,2,industrial,low,0.05,0.0,37.98894119262695,47.753726959228516,100.0,495.79348168566656,283.22339304386236,1.0,100.0,True,
LC_LI_HI_MC_LI,A+D,2,industrial,low,0.05,0.25,38.68227005004883,47.67212677001953,100.0,478.7838536247311,292.2739535937734,0.6072685101263197,100.0,True,
LC_LI_HI_MC_LI,A+D,2,industrial,low,0.05,0.5,39.27648162841797,47.596866607666016,100.0,463.7509700441531,300.23936511167597,0.3651928792222638,100.0,True,
LC_LI_HI_MC_LI,A+D,2,industrial,low,0.05,0.75,39.525184631347656,47.52920913696289,100.0,458.018105641576,307.1171090706251,0.21774508834640058,100.0,True,
LC_LI_HI_MC_LI,A+D,2,industrial,low,0.05,1.0,38.960914611816406,47.4697380065918,100.0,473.3765689947109,312.9557290641424,0.12887596379182437,100.0,True,
LC_LI_HI_MC_LI,A+B+C+D+E,5,mixed,low,0.05,0.0,29.434520721435547,48.491764068603516,100.0,687.3002485058516,286.8017315378675,1.0,100.0,True,
LC_LI_HI_MC_LI,A+B+C+D+E,5,mixed,low,0.05,0.25,37.776451110839844,48.495365142822266,100.0,503.7301447686253,244.50167398946917,0.6072685101263197,100.0,True,
LC_LI_HI_MC_LI,A+B+C+D+E,5,mixed,low,0.05,0.5,39.27648162841797,48.4974365234375,100.0,463.7509700441531,212.63723598803873,0.3651928792222638,100.0,True,
LC_LI_HI_MC_LI,A+B+C+D+E,5,mixed,low,0.05,0.75,39.77775573730469,48.49860763549805,100.0,450.70273255934626,188.95853450777796,0.21774508834640058,100.0,True,
LC_LI_HI_MC_LI,A+B+C+D+E,5,mixed,low,0.05,1.0,40.19520568847656,48.49925231933594,100.0,439.5527993573465,171.57248448087472,0.12887596379182437,100.0,True,
LC_LI_HI_MC_LI,A+B+C+D+E,5,commercial,low,0.05,0.0,21.34928321838379,48.49740219116211,100.0,832.0592372747216,281.983206338739,1.0,100.0,True,
LC_LI_HI_MC_LI,A+B+C+D+E,5,commercial,low,0.05,0.25,29.42238426208496,48.498172760009766,100.0,687.6972818656299,255.25560637985575,0.6072685101263197,100.0,True,
LC_LI_HI_MC_LI,A+B+C+D+E,5,commercial,low,0.05,0.5,35.33530044555664,48.498741149902344,100.0,562.8564790537782,232.13602152397544,0.3651928792222638,100.0,True,
LC_LI_HI_MC_LI,A+B+C+D+E,5,commercial,low,0.05,0.75,39.55849075317383,48.4991455078125,100.0,456.75301003965336,212.48048610658918,0.21774508834640058,100.0,True,
LC_LI_HI_MC_LI,A+B+C+D+E,5,commercial,low,0.05,1.0,40.19520568847656,48.49942398071289,100.0,439.5527993573465,196.02041551973093,0.12887596379182437,100.0,True,
LC_LI_HI_MC_LI,A+B+C+D+E,5,industrial,low,0.05,0.0,37.98894119262695,47.753726959228516,100.0,495.79348168566656,281.9693927070725,1.0,100.0,True,
LC_LI_HI_MC_LI,A+B+C+D+E,5,industrial,low,0.05,0.25,38.68227005004883,47.67212677001953,100.0,478.7838536247311,290.5586920039313,0.6072685101263197,100.0,True,
LC_LI_HI_MC_LI,A+B+C+D+E,5,industrial,low,0.05,0.5,39.27648162841797,47.596866607666016,100.0,463.7509700441531,298.0269820035478,0.3651928792222638,100.0,True,
LC_LI_HI_MC_LI,A+B+C+D+E,5,industrial,low,0.05,0.75,39.58354187011719,47.52920913696289,100.0,456.3670541504439,304.3788349966895,0.21774508834640058,100.0,True,
LC_LI_HI_MC_LI,A+B+C+D+E,5,industrial,low,0.05,1.0,39.06435775756836,47.4697380065918,100.0,470.5285303043566,309.6692155410397,0.12887596379182437,100.0,True,
LR_HR_HC_LR_LR,A,1,mixed,low,0.05,0.0,29.688453674316406,48.46541213989258,100.0,680.7750217901254,307.2240852028714,1.0,100.0,True,
LR_HR_HC_LR_LR,A,1,mixed,low,0.05,0.25,30.414608001708984,48.46623992919922,100.0,675.9968839660688,308.74181274638215,0.8193350369832886,100.0,True,
LR_HR_HC_LR_LR,A,1,mixed,low,0.05,0.5,30.785337448120117,48.46736145019531,100.0,671.2919087344485,309.85611167723243,0.6461622922540874,100.0,True,
LR_HR_HC_LR_LR,A,1,mixed,low,0.05,0.75,30.68136978149414,48.46834182739258,100.0,666.9941938695885,310.5360152211563,0.49192693214233396,100.0,True,
LR_HR_HC_LR_LR,A,1,mixed,low,0.05,1.0,30.583660125732422,48.469139099121094,100.0,663.857566575497,310.8248482164713,0.36329070195653856,100.0,True,
LR_HR_HC_LR_LR,A,1,commercial,low,0.05,0.0,29.714107513427734,48.46541213989258,100.0,680.1634017804159,306.9344768946059,1.0,100.0,True,
LR_HR_HC_LR_LR,A,1,commercial,low,0.05,0.25,30.421445846557617,48.46623992919922,100.0,675.8329021024688,309.58692378844046,0.8193350369832886,100.0,True,
LR_HR_HC_LR_LR,A,1,commercial,low,0.05,0.5,30.772186279296875,48.46736145019531,100.0,671.6090800555664,311.87513418088486,0.6461622922540874,100.0,True,
LR_HR_HC_LR_LR,A,1,commercial,low,0.05,0.75,30.638235092163086,48.46834182739258,100.0,669.5239619766966,313.6497976139226,0.49192693214233396,100.0,True,
LR_HR_HC_LR_LR,A,1,commercial,low,0.05,1.0,30.3023624420166,48.469139099121094,100.0,671.6406770971539,314.8653765931374,0.36329070195653856,100.0,True,
LR_HR_HC_LR_LR,A,1,industrial,low,0.05,0.0,29.743160247802734,48.46541213989258,100.0,679.4702355153413,306.89289250766495,1.0,100.0,True,
LR_HR_HC_LR_LR,A,1,industrial,low,0.05,0.25,30.41701316833496,48.46623992919922,100.0,675.9392231824033,312.3241174582466,0.8193350369832886,100.0,True,
LR_HR_HC_LR_LR,A,1,industrial,low,0.05,0.5,30.67355728149414,48.46736145019531,100.0,675.4332540663248,318.63759642822157,0.6461622922540874,100.0,True,
LR_HR_HC_LR_LR,A,1,industrial,low,0.05,0.75,29.790721893310547,48.46834182739258,100.0,689.750953427126,325.7290571786768,0.49192693214233396,100.0,True,
LR_HR_HC_LR_LR,A,1,industrial,low,0.05,1.0,28.858922958374023,48.469139099121094,100.0,705.7049327670104,333.53219093766296,0.36329070195653856,100.0,True,
LR_HR_HC_LR_LR,B,1,mixed,low,0.05,0.0,30.933412551879883,48.4759407043457,100.0,653.5611467392881,301.7324465622827,1.0,100.0,True,
LR_HR_HC_LR_LR,B,1,mixed,low,0.05,0.25,32.132320404052734,48.48102951049805,100.0,638.551897511743,287.89678916670294,0.8193350369832886,100.0,True,
LR_HR_HC_LR_LR,B,1,mixed,low,0.05,0.5,32.79581832885742,48.48563766479492,100.0,629.2224238619889,272.6229584919237,0.6461622922540874,100.0,True,
LR_HR_HC_LR_LR,B,1,mixed,low,0.05,0.75,32.732093811035156,48.48944854736328,100.0,624.4640396827206,257.1650355716963,0.49192693214233396,100.0,True,
LR_HR_HC_LR_LR,B,1,mixed,low,0.05,1.0,32.664024353027344,48.49237060546875,100.0,620.5373091947826,242.61367390430533,0.36329070195653856,100.0,True,
LR_HR_HC_LR_LR,B,1,commercial,low,0.05,0.0,31.09172821044922,48.47984313964844,100.0,650.2911791869097,300.08002086680096,1.0,100.0,True,
LR_HR_HC_LR_LR,B,1,commercial,low,0.05,0.25,32.14731216430664,48.48398971557617,100.0,638.20892127889,292.8322382204378,0.8193350369832886,100.0,True,
LR_HR_HC_LR_LR,B,1,commercial,low,0.05,0.5,32.79581832885742,48.487648010253906,100.0,629.2224238619889,284.37280799149045,0.6461622922540874,100.0,True,
LR_HR_HC_LR_LR,B,1,commercial,low,0.05,0.75,32.732093811035156,48.490631103515625,100.0,624.4640396827206,275.26900819311896,0.49192693214233396,100.0,True,
LR_HR_HC_LR_LR,B,1,commercial,low,0.05,1.0,32.664024353027344,48.49290466308594,100.0,620.5373091947826,266.0959226750795,0.36329070195653856,100.0,True,
LR_HR_HC_LR_LR,B,1,industrial,low,0.05,0.0,31.193899154663086,48.46541213989258,100.0,648.7192814083298,300.0276830874584,1.0,100.0,True,
LR_HR_HC_LR_LR,B,1,industrial,low,0.05,0.25,32.138877868652344,48.46623992919922,100.0,638.4014365348727,308.9985238230518,0.8193350369832886,100.0,True,
LR_HR_HC_LR_LR,B,1,industrial,low,0.05,0.5,32.79581832885742,48.46736145019531,100.0,629.2990907464784,324.01566895453414,0.6461622922540874,100.0,True,
LR_HR_HC_LR_LR,B,1,industrial,low,0.05,0.75,32.732093811035156,48.46834182739258,100.0,624.4640396827206,345.9077494181135,0.49192693214233396,100.0,True,
LR_HR_HC_LR_LR,B,1,industrial,low,0.05,1.0,31.583324432373047,48.469139099121094,100.0,636.1691504526434,375.129060015288,0.36329070195653856,100.0,True,
LR_HR_HC_LR_LR,C,1,mixed,low,0.05,0.0,29.65192985534668,48.46541213989258,100.0,682.0514911184235,307.3892202795201,1.0,100.0,True,
LR_HR_HC_LR_LR,C,1,mixed,low,0.05,0.25,30.548656463623047,48.46623992919922,100.0,673.5901653693502,302.9247849253312,0.8193350369832886,100.0,True,
LR_HR_HC_LR_LR,C,1,mixed,low,0.05,0.5,31.073444366455078,48.46736145019531,100.0,665.2111226087185,297.9960277328061,0.6461622922540874,100.0,True,
LR_HR_HC_LR_LR,C,1,mixed,low,0.05,0.75,31.121841430664062,48.46834182739258,100.0,657.5134511801092,293.0153616122512,0.49192693214233396,100.0,True,
LR_HR_HC_LR_LR,C,1,mixed,low,0.05,1.0,31.151844024658203,48.469139099121094,100.0,650.8963498074377,288.3410893640619,0.36329070195653856,100.0,True,
LR_HR_HC_LR_LR,C,1,commercial,low,0.05,0.0,29.715190887451172,48.46541213989258,100.0,680.7755686940629,306.83053173640883,1.0,100.0,True,
LR_HR_HC_LR_LR,C,1,commercial,low,0.05,0.25,30.567121505737305,48.46623992919922,100.0,673.2119338096671,304.6157680373256,0.8193350369832886,100.0,True,
LR_HR_HC_LR_LR,C,1,commercial,low,0.05,0.5,31.046472549438477,48.46736145019531,100.0,665.7994805188765,302.0138370156819,0.6461622922540874,100.0,True,
LR_HR_HC_LR_LR,C,1,commercial,low,0.05,0.75,31.05219841003418,48.46834182739258,100.0,659.036679221873,299.2026564435007,0.49192693214233396,100.0,True,
LR_HR_HC_LR_LR,C,1,commercial,low,0.05,1.0,31.045808792114258,48.469139099121094,100.0,653.2415805779608,296.3645276211699,0.36329070195653856,100.0,True,
LR_HR_HC_LR_LR,C,1,industrial,low,0.05,0.0,29.782268524169922,48.46541213989258,100.0,679.4205078262494,306.7378261483215,1.0,100.0,True,
LR_HR_HC_LR_LR,C,1,industrial,low,0.05,0.25,30.555145263671875,48.46623992919922,100.0,673.4580608978246,310.0297412524814,0.8193350369832886,100.0,True,
LR_HR_HC_LR_LR,C,1,industrial,low,0.05,0.5,30.923385620117188,48.46736145019531,100.0,668.4791721238531,315.40509489156386,0.6461622922540874,100.0,True,
LR_HR_HC_LR_LR,C,1,industrial,low,0.05,0.75,30.54833221435547,48.46834182739258,100.0,670.671054929314,323.13106592682556,0.49192693214233396,100.0,True,
LR_HR_HC_LR_LR,C,1,industrial,low,0.05,1.0,29.521785736083984,48.469139099121094,100.0,686.859081703132,333.3487582021477,0.36329070195653856,100.0,True,
LR_HR_HC_LR_LR,D,1,mixed,low,0.05,0.0,30.805618286132812,48.47095489501953,100.0,661.1463349386041,304.0851137289325,1.0,100.0,True,
LR_HR_HC_LR_LR,D,1,mixed,low,0.05,0.25,31.192598342895508,48.4691276550293,100.0,661.8463508760924,310.4559384015819,0.8193350369832886,100.0,True,
LR_HR_HC_LR_LR,D,1,mixed,low,0.05,0.5,31.1216983795166,48.46763610839844,100.0,664.8209972964221,315.2878973033207,0.6461622922540874,100.0,True,
LR_HR_HC_LR_LR,D,1,mixed,low,0.05,0.75,30.297597885131836,48.46834182739258,100.0,676.1735421120226,318.420478881005,0.49192693214233396,100.0,True,
LR_HR_HC_LR_LR,D,1,mixed,low,0.05,1.0,29.733858108520508,48.469139099121094,100.0,682.5606262944821,319.98969235606785,0.36329070195653856,100.0,True,
LR_HR_HC_LR_LR,D,1,commercial,low,0.05,0.0,30.933975219726562,48.473636627197266,100.0,658.7463760826475,303.03824647672616,1.0,100.0,True,
LR_HR_HC_LR_LR,D,1,commercial,low,0.05,0.25,31.229534149169922,48.471527099609375,100.0,661.1412101500675,313.6461741617799,0.8193350369832886,100.0,True,
LR_HR_HC_LR_LR,D,1,commercial,low,0.05,0.5,30.792081832885742,48.46952438354492,100.0,672.0299151431977,322.8603745065315,0.6461622922540874,100.0,True,
LR_HR_HC_LR_LR,D,1,commercial,low,0.05,0.75,29.412511825561523,48.46834182739258,100.0,695.0283073910396,330.07872769345437,0.49192693214233396,100.0,True,
LR_HR_HC_LR_LR,D,1,commercial,low,0.05,1.0,28.343673706054688,48.469139099121094,100.0,711.6603362524338,335.10581547266617,0.36329070195653856,100.0,True,
LR_HR_HC_LR_LR,D,1,industrial,low,0.05,0.0,31.059110641479492,48.46541213989258,100.0,656.4011400198801,302.9930137093823,1.0,100.0,True,
LR_HR_HC_LR_LR,D,1,industrial,low,0.05,0.25,31.188987731933594,48.46623992919922,100.0,661.9187868702326,324.02881145840433,0.8193350369832886,100.0,True,
LR_HR_HC_LR_LR,D,1,industrial,low,0.05,0.5,29.14048957824707,48.46736145019531,100.0,707.0926108803226,348.3381274770637,0.6461622922540874,100.0,True,
LR_HR_HC_LR_LR,D,1,industrial,low,0.05,0.75,25.607666015625,48.46834182739258,100.0,771.7749625900435,375.4869208516186,0.49192693214233396,100.0,True,
LR_HR_HC_LR_LR,D,1,industrial,low,0.05,1.0,21.61231231689453,48.469139099121094,100.0,840.7982288697647,405.20207820059795,0.36329070195653856,100.0,True,
LR_HR_HC_LR_LR,E,1,mixed,low,0.05,0.0,31.17517852783203,48.47269058227539,100.0,654.7967820256048,303.2295769519186,1.0,100.0,True,
LR_HR_HC_LR_LR,E,1,mixed,low,0.05,0.25,31.455032348632812,48.47029495239258,100.0,657.1761744163387,310.9734135173828,0.8193350369832886,100.0,True,
LR_HR_HC_LR_LR,E,1,mixed,low,0.05,0.5,31.11089515686035,48.46821594238281,100.0,665.0669226065634,316.8557763375641,0.6461622922540874,100.0,True,
LR_HR_HC_LR_LR,E,1,mixed,low,0.05,0.75,30.137821197509766,48.46834182739258,100.0,679.6049204292548,320.6797690054254,0.49192693214233396,100.0,True,
LR_HR_HC_LR_LR,E,1,mixed,low,0.05,1.0,29.477561950683594,48.469139099121094,100.0,687.9896752387533,322.60802898753735,0.36329070195653856,100.0,True,
LR_HR_HC_LR_LR,E,1,commercial,low,0.05,0.0,31.329030990600586,48.47586441040039,100.0,651.9500583129611,301.958641551855,1.0,100.0,True,
LR_HR_HC_LR_LR,E,1,commercial,low,0.05,0.25,31.498050689697266,48.47309494018555,100.0,656.3637689719326,314.82090285157193,0.8193350369832886,100.0,True,
LR_HR_HC_LR_LR,E,1,commercial,low,0.05,0.5,30.70273780822754,48.47041320800781,100.0,673.9749620518932,325.99723199218204,0.6461622922540874,100.0,True,
LR_HR_HC_LR_LR,E,1,commercial,low,0.05,0.75,29.050010681152344,48.46834182739258,100.0,702.614491126043,334.7572169445937,0.49192693214233396,100.0,True,
LR_HR_HC_LR_LR,E,1,commercial,low,0.05,1.0,27.767728805541992,48.469139099121094,100.0,723.4010633223987,340.863061444688,0.36329070195653856,100.0,True,
LR_HR_HC_LR_LR,E,1,industrial,low,0.05,0.0,31.47588348388672,48.46541213989258,100.0,649.22174640648,302.1766884419031,1.0,100.0,True,
LR_HR_HC_LR_LR,E,1,industrial,low,0.05,0.25,31.44183349609375,48.46623992919922,100.0,657.4276371588435,327.7513397750642,0.8193350369832886,100.0,True,
LR_HR_HC_LR_LR,E,1,industrial,low,0.05,0.5,28.608251571655273,48.46736145019531,100.0,715.8126273961012,357.3068218077068,0.6461622922540874,100.0,True,
LR_HR_HC_LR_LR,E,1,industrial,low,0.05,0.75,24.241477966308594,48.46834182739258,100.0,794.7610352685252,390.315723000554,0.49192693214233396,100.0,True,
LR_HR_HC_LR_LR,E,1,industrial,low,0.05,1.0,19.065324783325195,48.469139099121094,100.0,878.7947331151496,426.4462055091886,0.36329070195653856,100.0,True,
LR_HR_HC_LR_LR,A+D,2,mixed,low,0.05,0.0,30.946760177612305,48.47324752807617,100.0,657.6900453604608,303.1567503261295,1.0,100.0,True,
LR_HR_HC_LR_LR,A+D,2,mixed,low,0.05,0.25,31.279956817626953,48.470863342285156,100.0,659.7108482923256,311.26405532022505,0.8193350369832886,100.0,True,
LR_HR_HC_LR_LR,A+D,2,mixed,low,0.05,0.5,31.232131958007812,48.46877670288086,100.0,662.1307632101993,317.418399071959,0.6461622922540874,100.0,True,
LR_HR_HC_LR_LR,A+D,2,mixed,low,0.05,0.75,30.21515464782715,48.46834182739258,100.0,678.147288471913,321.41441700621255,0.49192693214233396,100.0,True,
LR_HR_HC_LR_LR,A+D,2,mixed,low,0.05,1.0,29.521121978759766,48.469139099121094,100.0,687.6033916671709,323.4235690519586,0.36329070195653856,100.0,True,
LR_HR_HC_LR_LR,A+D,2,commercial,low,0.05,0.0,31.099512100219727,48.47655487060547,100.0,654.6784664947949,301.82027476565764,1.0,100.0,True,
LR_HR_HC_LR_LR,A+D,2,commercial,low,0.05,0.25,31.323505401611328,48.473777770996094,100.0,658.8417257027008,315.2994021224815,0.8193350369832886,100.0,True,
LR_HR_HC_LR_LR,A+D,2,commercial,low,0.05,0.5,30.82015037536621,48.47109603881836,100.0,671.3532734343572,327.00989877882233,0.6461622922540874,100.0,True,
LR_HR_HC_LR_LR,A+D,2,commercial,low,0.05,0.75,29.109764099121094,48.46872329711914,100.0,702.0866864923198,336.1864482114283,0.49192693214233396,100.0,True,
LR_HR_HC_LR_LR,A+D,2,commercial,low,0.05,1.0,27.78047752380371,48.469139099121094,100.0,724.4862121467797,342.58022054522297,0.36329070195653856,100.0,True,
LR_HR_HC_LR_LR,A+D,2,industrial,low,0.05,0.0,31.252174377441406,48.46541213989258,100.0,651.6400641669528,301.7334576113727,1.0,100.0,True,
LR_HR_HC_LR_LR,A+D,2,industrial,low,0.05,0.25,31.278709411621094,48.46623992919922,100.0,659.7256235028003,328.41923308891194,0.8193350369832886,100.0,True,
LR_HR_HC_LR_LR,A+D,2,industrial,low,0.05,0.5,28.768396377563477,48.46736145019531,100.0,715.6345073473396,359.2501139966912,0.6461622922540874,100.0,True,
LR_HR_HC_LR_LR,A+D,2,industrial,low,0.05,0.75,24.314451217651367,48.46834182739258,100.0,799.0603331417533,393.6739009343466,0.49192693214233396,100.0,True,
LR_HR_HC_LR_LR,A+D,2,industrial,low,0.05,1.0,19.201261520385742,48.469139099121094,100.0,887.6883604339666,431.34329761768043,0.36329070195653856,100.0,True,
LR_HR_HC_LR_LR,A+B+C+D+E,5,mixed,low,0.05,0.0,29.434520721435547,48.491764068603516,100.0,687.3002485058516,291.0506483028275,1.0,100.0,True,
LR_HR_HC_LR_LR,A+B+C+D+E,5,mixed,low,0.05,0.25,29.823345184326172,48.4919319152832,100.0,679.695389854294,289.2579554464251,0.8193350369832886,100.0,True,
LR_HR_HC_LR_LR,A+B+C+D+E,5,mixed,low,0.05,0.5,31.4534912109375,48.49263381958008,100.0,646.9883141329489,281.71633190847075,0.6461622922540874,100.0,True,
LR_HR_HC_LR_LR,A+B+C+D+E,5,mixed,low,0.05,0.75,32.732093811035156,48.49370193481445,100.0,624.4640396827206,269.648351907739,0.49192693214233396,100.0,True,
LR_HR_HC_LR_LR,A+B+C+D+E,5,mixed,low,0.05,1.0,32.664024353027344,48.49490737915039,100.0,620.5373091947826,254.8134467461215,0.36329070195653856,100.0,True,
LR_HR_HC_LR_LR,A+B+C+D+E,5,commercial,low,0.05,0.0,21.34928321838379,48.49740219116211,100.0,832.0592372747216,286.232123103699,1.0,100.0,True,
LR_HR_HC_LR_LR,A+B+C+D+E,5,commercial,low,0.05,0.25,15.273805618286133,48.49681854248047,100.0,927.9200689039843,303.7672237485999,0.8193350369832886,100.0,True,
LR_HR_HC_LR_LR,A+B+C+D+E,5,commercial,low,0.05,0.5,10.61520767211914,48.49637222290039,100.0,996.0500783741384,316.2169460523944,0.6461622922540874,100.0,True,
LR_HR_HC_LR_LR,A+B+C+D+E,5,commercial,low,0.05,0.75,8.035943984985352,48.49612808227539,98.66203118415507,1032.1126882803592,322.7890985047954,0.49192693214233396,100.0,True,
LR_HR_HC_LR_LR,A+B+C+D+E,5,commercial,low,0.05,1.0,7.64798641204834,48.496089935302734,98.29856721449642,1037.4444104469958,323.7308177244187,0.36329070195653856,100.0,True,
LR_HR_HC_LR_LR,A+B+C+D+E,5,industrial,low,0.05,0.0,31.750913619995117,48.46541213989258,100.0,640.2640784114991,286.2183094720325,1.0,100.0,True,
LR_HR_HC_LR_LR,A+B+C+D+E,5,industrial,low,0.05,0.25,32.43806457519531,48.46623992919922,100.0,634.6085203435878,351.39775045629244,0.8193350369832886,100.0,True,
LR_HR_HC_LR_LR,A+B+C+D+E,5,industrial,low,0.05,0.5,24.587499618530273,48.46736145019531,100.0,777.4104569946849,432.8008699247138,0.6461622922540874,100.0,True,
LR_HR_HC_LR_LR,A+B+C+D+E,5,industrial,low,0.05,0.75,8.164609909057617,48.46834182739258,98.08084000561877,1030.9891619386817,530.4022079919934,0.49192693214233396,100.0,True,
LR_HR_HC_LR_LR,A+B+C+D+E,5,industrial,low,0.05,1.0,-15.812131881713867,48.469139099121094,86.18310155920776,1326.3351213123788,644.0944067825628,0.36329070195653856,100.0,False,"V3_floor,V4_band"
LC_HM_HI_HC_LC,A,1,mixed,low,0.05,0.0,32.88188171386719,48.45017623901367,100.0,603.2934089765456,295.7188487611808,1.0,100.0,True,
LC_HM_HI_HC_LC,A,1,mixed,low,0.05,0.25,33.59588623046875,48.43809127807617,100.0,589.2633929592724,294.5746975635014,0.6774184399243816,100.0,True,
LC_HM_HI_HC_LC,A,1,mixed,low,0.05,0.5,34.27516174316406,48.42279815673828,100.0,575.8115430831137,293.6283684838973,0.45580679644944466,100.0,True,
LC_HM_HI_HC_LC,A,1,mixed,low,0.05,0.75,34.9138298034668,48.40361785888672,100.0,564.0316987233897,292.83508595362366,0.30442403756485414,100.0,True,
LC_HM_HI_HC_LC,A,1,mixed,low,0.05,1.0,35.529090881347656,48.37986373901367,100.0,552.0148662881774,292.15579172890136,0.20167632647052153,100.0,True,
LC_HM_HI_HC_LC,A,1,commercial,low,0.05,0.0,32.55624008178711,48.45017623901367,100.0,611.5897538910851,295.4292404529153,1.0,100.0,True,
LC_HM_HI_HC_LC,A,1,commercial,low,0.05,0.25,33.147335052490234,48.43809127807617,100.0,600.7681020524379,295.2733439357865,0.6774184399243816,100.0,True,
LC_HM_HI_HC_LC,A,1,commercial,low,0.05,0.5,33.74951934814453,48.42279815673828,100.0,589.671012259276,295.0524151639511,0.45580679644944466,100.0,True,
LC_HM_HI_HC_LC,A,1,commercial,low,0.05,0.75,34.36000061035156,48.40361785888672,100.0,578.0567603400996,294.7617335253578,0.30442403756485414,100.0,True,
LC_HM_HI_HC_LC,A,1,commercial,low,0.05,1.0,34.96514892578125,48.37986373901367,100.0,565.9652909732499,294.39846201555025,0.20167632647052153,100.0,True,
LC_HM_HI_HC_LC,A,1,industrial,low,0.05,0.0,33.24556350708008,48.45017623901367,100.0,596.3583996702918,295.38765606597434,1.0,100.0,True,
LC_HM_HI_HC_LC,A,1,industrial,low,0.05,0.25,33.76765060424805,48.43809127807617,100.0,586.3521944807511,297.5367582799326,0.6774184399243816,100.0,True,
LC_HM_HI_HC_LC,A,1,industrial,low,0.05,0.5,34.05133056640625,48.42279815673828,100.0,581.9128634214649,299.8232091821395,0.45580679644944466,100.0,True,
LC_HM_HI_HC_LC,A,1,industrial,low,0.05,0.75,34.321353912353516,48.40361785888672,100.0,579.180301093117,302.2374510318811,0.30442403756485414,100.0,True,
LC_HM_HI_HC_LC,A,1,industrial,low,0.05,1.0,34.58761215209961,48.37986373901367,100.0,576.4140139654227,304.7617019686404,0.20167632647052153,100.0,True,
LC_HM_HI_HC_LC,B,1,mixed,low,0.05,0.0,28.752328872680664,48.457237243652344,100.0,697.2160493567156,291.7465833178466,1.0,100.0,True,
LC_HM_HI_HC_LC,B,1,mixed,low,0.05,0.25,31.340097427368164,48.44816207885742,100.0,643.1729179160361,281.5376114449792,0.6774184399243816,100.0,True,
LC_HM_HI_HC_LC,B,1,mixed,low,0.05,0.5,33.462493896484375,48.43587875366211,100.0,596.3408987790013,273.1984925161987,0.45580679644944466,100.0,True,
LC_HM_HI_HC_LC,B,1,mixed,low,0.05,0.75,35.03406524658203,48.4196662902832,100.0,561.938223064335,266.5512526077062,0.30442403756485414,100.0,True,
LC_HM_HI_HC_LC,B,1,mixed,low,0.05,1.0,35.72154235839844,48.39875030517578,100.0,547.3335059363304,261.4365896557705,0.20167632647052153,100.0,True,
LC_HM_HI_HC_LC,B,1,commercial,low,0.05,0.0,26.35491180419922,48.462371826171875,100.0,746.7607205262332,290.09415762236483,1.0,100.0,True,
LC_HM_HI_HC_LC,B,1,commercial,low,0.05,0.25,28.12798309326172,48.452125549316406,100.0,713.2118075938536,285.6181443064546,0.6774184399243816,100.0,True,
LC_HM_HI_HC_LC,B,1,commercial,low,0.05,0.5,29.80730628967285,48.43876266479492,100.0,680.2610503991584,281.48678592005297,0.45580679644944466,100.0,True,
LC_HM_HI_HC_LC,B,1,commercial,low,0.05,0.75,31.384326934814453,48.42155838012695,100.0,648.1448213374834,277.75451433594384,0.30442403756485414,100.0,True,
LC_HM_HI_HC_LC,B,1,commercial,low,0.05,1.0,32.85084533691406,48.399742126464844,100.0,617.1244320857264,274.4721937358537,0.20167632647052153,100.0,True,
LC_HM_HI_HC_LC,B,1,industrial,low,0.05,0.0,33.13178253173828,48.45017623901367,100.0,597.6824305086423,290.0418198430224,1.0,100.0,True,
LC_HM_HI_HC_LC,B,1,industrial,low,0.05,0.25,32.749298095703125,48.43809127807617,100.0,610.497823727244,298.9845539255856,0.6774184399243816,100.0,True,
LC_HM_HI_HC_LC,B,1,industrial,low,0.05,0.5,32.19837951660156,48.42279815673828,100.0,626.9887471330151,309.45153536766713,0.45580679644944466,100.0,True,
LC_HM_HI_HC_LC,B,1,industrial,low,0.05,0.75,31.463489532470703,48.40361785888672,100.0,647.212369638105,321.46909264715254,0.30442403756485414,100.0,True,
LC_HM_HI_HC_LC,B,1,industrial,low,0.05,1.0,30.510448455810547,48.37986373901367,100.0,671.1251427011387,335.00109496132256,0.20167632647052153,100.0,True,
LC_HM_HI_HC_LC,C,1,mixed,low,0.05,0.0,30.99846839904785,48.48966598510742,100.0,644.9677692954642,296.06804742535803,1.0,100.0,True,
LC_HM_HI_HC_LC,C,1,mixed,low,0.05,0.25,32.694271087646484,48.49020004272461,100.0,610.7265174508651,288.8538214037617,0.6774184399243816,100.0,True,
LC_HM_HI_HC_LC,C,1,mixed,low,0.05,0.5,34.29674530029297,48.490760803222656,100.0,576.9161394146876,281.5256382296635,0.45580679644944466,100.0,True,
LC_HM_HI_HC_LC,C,1,mixed,low,0.05,0.75,35.076744079589844,48.491355895996094,100.0,561.6466729387121,273.9785889240616,0.30442403756485414,100.0,True,
LC_HM_HI_HC_LC,C,1,mixed,low,0.05,1.0,35.7834358215332,48.49198913574219,100.0,546.8060517928415,266.13824479642545,0.20167632647052153,100.0,True,
LC_HM_HI_HC_LC,C,1,commercial,low,0.05,0.0,30.176393508911133,48.49057388305664,100.0,661.962033981876,295.5093588822468,1.0,100.0,True,
LC_HM_HI_HC_LC,C,1,commercial,low,0.05,0.25,31.589902877807617,48.49082565307617,100.0,634.547801452218,290.25190842701045,0.6774184399243816,100.0,True,
LC_HM_HI_HC_LC,C,1,commercial,low,0.05,0.5,33.03744888305664,48.49116134643555,100.0,605.2399246556503,284.35981501852893,0.45580679644944466,100.0,True,
LC_HM_HI_HC_LC,C,1,commercial,low,0.05,0.75,34.507911682128906,48.49158477783203,100.0,574.0270610398975,277.80751251807857,0.30442403756485414,100.0,True,
LC_HM_HI_HC_LC,C,1,commercial,low,0.05,1.0,35.63471603393555,48.492088317871094,100.0,550.5595095426754,270.5923232532411,0.20167632647052153,100.0,True,
LC_HM_HI_HC_LC,C,1,industrial,low,0.05,0.0,32.494964599609375,48.45017623901367,100.0,612.9338877723524,295.4166532941596,1.0,100.0,True,
LC_HM_HI_HC_LC,C,1,industrial,low,0.05,0.25,33.124237060546875,48.43809127807617,100.0,601.2190367775562,294.7282051589793,0.6774184399243816,100.0,True,
LC_HM_HI_HC_LC,C,1,industrial,low,0.05,0.5,33.77947998046875,48.42279815673828,100.0,588.6872443381786,293.8062161252858,0.45580679644944466,100.0,True,
LC_HM_HI_HC_LC,C,1,industrial,low,0.05,0.75,34.46025848388672,48.40361785888672,100.0,575.3909945516275,292.61552906087746,0.30442403756485414,100.0,True,
LC_HM_HI_HC_LC,C,1,industrial,low,0.05,1.0,35.164493560791016,48.37986373901367,100.0,561.0973302554063,291.12384249362157,0.20167632647052153,100.0,True,
LC_HM_HI_HC_LC,D,1,mixed,low,0.05,0.0,32.366703033447266,48.45017623901367,100.0,615.2505464616222,294.3970301054979,1.0,100.0,True,
LC_HM_HI_HC_LC,D,1,mixed,low,0.05,0.25,33.96692657470703,48.43809127807617,100.0,583.6005162085391,287.8516117577003,0.6774184399243816,100.0,True,
LC_HM_HI_HC_LC,D,1,mixed,low,0.05,0.5,34.6707763671875,48.42301559448242,100.0,569.7713951844581,282.4763967352206,0.45580679644944466,100.0,True,
LC_HM_HI_HC_LC,D,1,mixed,low,0.05,0.75,35.349246978759766,48.40483856201172,100.0,556.1469589356242,278.15287102727945,0.30442403756485414,100.0,True,
LC_HM_HI_HC_LC,D,1,mixed,low,0.05,1.0,36.002227783203125,48.381961822509766,100.0,542.6489712570567,274.77528173837135,0.20167632647052153,100.0,True,
LC_HM_HI_HC_LC,D,1,commercial,low,0.05,0.0,30.70441436767578,48.45159912109375,100.0,646.5159905487828,293.3501628532915,1.0,100.0,True,
LC_HM_HI_HC_LC,D,1,commercial,low,0.05,0.25,32.112056732177734,48.43989181518555,100.0,620.8094244852142,290.48940025732975,0.6774184399243816,100.0,True,
LC_HM_HI_HC_LC,D,1,commercial,low,0.05,0.5,33.43113327026367,48.42495346069336,100.0,595.689183070542,287.81831216924195,0.45580679644944466,100.0,True,
LC_HM_HI_HC_LC,D,1,commercial,low,0.05,0.75,34.65556335449219,48.406089782714844,100.0,571.342779638211,285.3677969497643,0.30442403756485414,100.0,True,
LC_HM_HI_HC_LC,D,1,commercial,low,0.05,1.0,35.69123077392578,48.382591247558594,100.0,549.719228546094,283.16721847695266,0.20167632647052153,100.0,True,
LC_HM_HI_HC_LC,D,1,industrial,low,0.05,0.0,33.580970764160156,48.45017623901367,100.0,590.7182755907025,293.30493008594766,1.0,100.0,True,
LC_HM_HI_HC_LC,D,1,industrial,low,0.05,0.25,34.072811126708984,48.43809127807617,100.0,581.4575830517651,299.0734125380833,0.6774184399243816,100.0,True,
LC_HM_HI_HC_LC,D,1,industrial,low,0.05,0.5,34.55927658081055,48.42279815673828,100.0,572.2227111275242,305.79006625217306,0.45580679644944466,100.0,True,
LC_HM_HI_HC_LC,D,1,industrial,low,0.05,0.75,34.75886917114258,48.40361785888672,100.0,569.855647358354,313.4677143014594,0.30442403756485414,100.0,True,
LC_HM_HI_HC_LC,D,1,industrial,low,0.05,1.0,34.2141227722168,48.37986373901367,100.0,581.6191043093352,322.0797765278269,0.20167632647052153,100.0,True,
LC_HM_HI_HC_LC,E,1,mixed,low,0.05,0.0,33.803131103515625,48.45017623901367,100.0,586.4106837952534,295.30284010429546,1.0,100.0,True,
LC_HM_HI_HC_LC,E,1,mixed,low,0.05,0.25,34.43384552001953,48.43809127807617,100.0,574.5870320986173,290.8042100197159,0.6774184399243816,100.0,True,
LC_HM_HI_HC_LC,E,1,mixed,low,0.05,0.5,35.03003692626953,48.42279815673828,100.0,562.9422237247189,287.4246820572486,0.45580679644944466,100.0,True,
LC_HM_HI_HC_LC,E,1,mixed,low,0.05,0.75,35.6015739440918,48.40361785888672,100.0,551.3199565025815,284.97838006540167,0.30442403756485414,100.0,True,
LC_HM_HI_HC_LC,E,1,mixed,low,0.05,1.0,36.15639114379883,48.37986373901367,100.0,539.6726950924983,283.29846556749743,0.20167632647052153,100.0,True,
LC_HM_HI_HC_LC,E,1,commercial,low,0.05,0.0,32.55624008178711,48.45017623901367,100.0,611.5897538910851,294.03190470423175,1.0,100.0,True,
LC_HM_HI_HC_LC,E,1,commercial,low,0.05,0.25,33.147335052490234,48.43809127807617,100.0,600.7681020524378,293.98532431325583,0.6774184399243816,100.0,True,
LC_HM_HI_HC_LC,E,1,commercial,low,0.05,0.5,33.74951934814453,48.42279815673828,100.0,589.671012259276,293.8731935116685,0.45580679644944466,100.0,True,
LC_HM_HI_HC_LC,E,1,commercial,low,0.05,0.75,34.36000061035156,48.40361785888672,100.0,578.0567603400996,293.6901537476488,0.30442403756485414,100.0,True,
LC_HM_HI_HC_LC,E,1,commercial,low,0.05,1.0,34.96514892578125,48.37986373901367,100.0,565.9652909732499,293.4326115782045,0.20167632647052153,100.0,True,
LC_HM_HI_HC_LC,E,1,industrial,low,0.05,0.0,33.93428421020508,48.45017623901367,100.0,583.010776389507,294.2499515942799,1.0,100.0,True,
LC_HM_HI_HC_LC,E,1,industrial,low,0.05,0.25,34.482322692871094,48.43809127807617,100.0,572.5161201904332,304.67610989027037,0.6774184399243816,100.0,True,
LC_HM_HI_HC_LC,E,1,industrial,low,0.05,0.5,34.88779830932617,48.42279815673828,100.0,566.0577306637877,315.95920980870983,0.45580679644944466,100.0,True,
LC_HM_HI_HC_LC,E,1,industrial,low,0.05,0.75,34.29646301269531,48.40361785888672,100.0,579.361550206333,328.07203462044555,0.30442403756485414,100.0,True,
LC_HM_HI_HC_LC,E,1,industrial,low,0.05,1.0,32.765167236328125,48.37986373901367,100.0,609.4301516889478,340.94310379836486,0.20167632647052153,100.0,True,
LC_HM_HI_HC_LC,A+D,2,mixed,low,0.05,0.0,32.69401168823242,48.45017623901367,100.0,606.7182996591292,294.31196920297964,1.0,100.0,True,
LC_HM_HI_HC_LC,A+D,2,mixed,low,0.05,0.25,34.05744934082031,48.43809127807617,100.0,581.1361096431195,286.8071403554256,0.6774184399243816,100.0,True,
LC_HM_HI_HC_LC,A+D,2,mixed,low,0.05,0.5,34.76576614379883,48.42279815673828,100.0,567.1317117999689,280.73525323094134,0.45580679644944466,100.0,True,
LC_HM_HI_HC_LC,A+D,2,mixed,low,0.05,0.75,35.44482421875,48.40447998046875,100.0,553.3689279717688,275.93757282167127,0.30442403756485414,100.0,True,
LC_HM_HI_HC_LC,A+D,2,mixed,low,0.05,1.0,36.095367431640625,48.38177490234375,100.0,539.8729674845391,272.2719275822115,0.20167632647052153,100.0,True,
LC_HM_HI_HC_LC,A+D,2,commercial,low,0.05,0.0,30.70441436767578,48.45159912109375,100.0,646.5159905487828,292.97549364250773,1.0,100.0,True,
LC_HM_HI_HC_LC,A+D,2,commercial,low,0.05,0.25,32.112056732177734,48.43989181518555,100.0,620.8094244852142,290.1435752273402,0.6774184399243816,100.0,True,
LC_HM_HI_HC_LC,A+D,2,commercial,low,0.05,0.5,33.43113327026367,48.42495346069336,100.0,595.689183070542,287.5012153450165,0.45580679644944466,100.0,True,
LC_HM_HI_HC_LC,A+D,2,commercial,low,0.05,0.75,34.65556335449219,48.406089782714844,100.0,571.342779638211,285.07914631589017,0.30442403756485414,100.0,True,
LC_HM_HI_HC_LC,A+D,2,commercial,low,0.05,1.0,35.72297286987305,48.382591247558594,100.0,548.823707912844,282.9065346074418,0.20167632647052153,100.0,True,
LC_HM_HI_HC_LC,A+D,2,industrial,low,0.05,0.0,33.730255126953125,48.45017623901367,100.0,586.6916583912804,292.88867648822287,1.0,100.0,True,
LC_HM_HI_HC_LC,A+D,2,industrial,low,0.05,0.25,34.185977935791016,48.43809127807617,100.0,578.3657907010412,300.99100185223983,0.6774184399243816,100.0,True,
LC_HM_HI_HC_LC,A+D,2,industrial,low,0.05,0.5,34.63519287109375,48.42279815673828,100.0,570.1101297878382,310.2437634461359,0.45580679644944466,100.0,True,
LC_HM_HI_HC_LC,A+D,2,industrial,low,0.05,0.75,34.744407653808594,48.40361785888672,100.0,570.4623021911545,320.6547811741087,0.30442403756485414,100.0,True,
LC_HM_HI_HC_LC,A+D,2,industrial,low,0.05,1.0,33.845802307128906,48.37986373901367,100.0,591.6285886783008,332.18233261140614,0.20167632647052153,100.0,True,
LC_HM_HI_HC_LC,A+B+C+D+E,5,mixed,low,0.05,0.0,29.434520721435547,48.491764068603516,100.0,687.3002485058516,290.0177110593825,1.0,100.0,True,
LC_HM_HI_HC_LC,A+B+C+D+E,5,mixed,low,0.05,0.25,34.482322692871094,48.494327545166016,100.0,572.5161201904332,261.14527632655427,0.6774184399243816,100.0,True,
LC_HM_HI_HC_LC,A+B+C+D+E,5,mixed,low,0.05,0.5,35.038963317871094,48.49613952636719,100.0,561.789567275497,236.77553006952232,0.45580679644944466,100.0,True,
LC_HM_HI_HC_LC,A+B+C+D+E,5,mixed,low,0.05,0.75,35.6015739440918,48.49740982055664,100.0,550.5983288044828,216.29464194114507,0.30442403756485414,100.0,True,
LC_HM_HI_HC_LC,A+B+C+D+E,5,mixed,low,0.05,1.0,36.15639114379883,48.498291015625,100.0,538.9830691369414,199.1677899467213,0.20167632647052153,100.0,True,
LC_HM_HI_HC_LC,A+B+C+D+E,5,commercial,low,0.05,0.0,21.34928321838379,48.49740219116211,100.0,832.0592372747216,285.199185860254,1.0,100.0,True,
LC_HM_HI_HC_LC,A+B+C+D+E,5,commercial,low,0.05,0.25,25.140254974365234,48.497764587402344,100.0,767.1601035172495,273.1414453767329,0.6774184399243816,100.0,True,
LC_HM_HI_HC_LC,A+B+C+D+E,5,commercial,low,0.05,0.5,28.651809692382812,48.49810028076172,100.0,702.5599359066945,261.1124738307371,0.45580679644944466,100.0,True,
LC_HM_HI_HC_LC,A+B+C+D+E,5,commercial,low,0.05,0.75,31.865955352783203,48.49840545654297,100.0,638.6365146311889,249.1801744398658,0.30442403756485414,100.0,True,
LC_HM_HI_HC_LC,A+B+C+D+E,5,commercial,low,0.05,1.0,34.76750946044922,48.49868392944336,100.0,575.8380135930535,237.42622551955753,0.20167632647052153,100.0,True,
LC_HM_HI_HC_LC,A+B+C+D+E,5,industrial,low,0.05,0.0,33.93428421020508,48.45017623901367,100.0,583.010776389507,285.1853722285874,1.0,100.0,True,
LC_HM_HI_HC_LC,A+B+C+D+E,5,industrial,low,0.05,0.25,34.482322692871094,48.43809127807617,100.0,572.5161201904332,312.52236392974703,0.6774184399243816,100.0,True,
LC_HM_HI_HC_LC,A+B+C+D+E,5,industrial,low,0.05,0.5,35.038963317871094,48.42279815673828,100.0,561.789567275497,343.35218878326896,0.45580679644944466,100.0,True,
LC_HM_HI_HC_LC,A+B+C+D+E,5,industrial,low,0.05,0.75,31.915454864501953,48.40361785888672,100.0,638.0274116471059,377.66028502488854,0.30442403756485414,100.0,True,
LC_HM_HI_HC_LC,A+B+C+D+E,5,industrial,low,0.05,1.0,26.8758487701416,48.37986373901367,100.0,736.3118356558401,415.27293620953157,0.20167632647052153,100.0,True,
